Code;Name;Class;Role;Tier;Score;Trend;Win %;Role %;Pick %;Ban %;KDA
1.00;Aatrox;Fighter;TOP;A;58.25;6.52;0.50;0.95;0.04;0.02;1.97
2.00;Ahri;Mage;MID;A;53.21;-0.24;0.50;0.93;0.05;0.01;2.56
3.00;Akali;Assassin;MID;S;65.30;6.51;0.49;0.66;0.08;0.13;2.34
4.00;Akali;Assassin;TOP;A;57.87;3.34;0.49;0.34;0.04;0.13;2.04
5.00;Akshan;Marksman;MID;S;59.85;0.65;0.51;0.58;0.05;0.22;2.23
6.00;Akshan;Marksman;TOP;A;55.89;-0.46;0.52;0.33;0.03;0.22;1.97
7.00;Alistar;Tank;SUPPORT;B;46.08;-2.74;0.50;0.99;0.04;0.01;2.51
8.00;Amumu;Tank;JUNGLE;B;45.69;1.72;0.50;0.83;0.03;0.02;2.62
9.00;Amumu;Tank;SUPPORT;C;35.88;2.55;0.50;0.15;0.00;0.02;2.05
10.00;Anivia;Mage;MID;A;53.38;-1.26;0.52;0.82;0.03;0.03;2.66
11.00;Anivia;Mage;SUPPORT;D;31.74;-1.46;0.48;0.13;0.00;0.03;2.18
12.00;Annie;Mage;MID;A;48.81;6.23;0.52;0.85;0.02;0.01;2.39
13.00;Aphelios;Marksman;ADC;C;35.96;-1.67;0.47;0.98;0.06;0.01;2.03
14.00;Ashe;Marksman;ADC;B;43.08;-9.95;0.50;0.93;0.06;0.01;2.32
15.00;Aurelion Sol;Mage;MID;B;42.15;-2.74;0.51;0.91;0.01;0.00;2.55
16.00;Azir;Mage;MID;D;32.69;2.09;0.47;0.91;0.01;0.00;2.10
17.00;Bard;Support;SUPPORT;A;49.81;2.27;0.50;0.99;0.04;0.01;2.97
18.00;Blitzcrank;Tank;SUPPORT;S;67.80;-0.81;0.52;0.99;0.09;0.18;2.44
19.00;Brand;Mage;SUPPORT;B;45.21;-4.17;0.49;0.79;0.05;0.06;1.77
20.00;Brand;Mage;MID;B;41.21;1.44;0.52;0.13;0.01;0.06;2.04
21.00;Braum;Support;SUPPORT;A;46.74;2.77;0.51;0.99;0.03;0.00;2.79
22.00;Caitlyn;Marksman;ADC;God;88.48;-0.16;0.50;0.99;0.21;0.19;2.31
23.00;Camille;Fighter;TOP;God;84.61;9.60;0.50;0.97;0.07;0.08;1.99
24.00;Cassiopeia;Mage;MID;B;44.08;-2.00;0.50;0.72;0.02;0.01;2.09
25.00;Cassiopeia;Mage;TOP;D;26.20;-7.91;0.49;0.18;0.01;0.01;1.83
26.00;Cho'Gath;Tank;TOP;A;52.76;2.64;0.53;0.73;0.03;0.01;2.20
27.00;Cho'Gath;Tank;MID;C;37.75;-4.65;0.50;0.17;0.01;0.01;2.37
28.00;Corki;Marksman;MID;A;58.20;0.29;0.49;0.93;0.07;0.04;2.17
29.00;Darius;Fighter;TOP;God;83.96;16.49;0.50;0.96;0.07;0.15;1.87
30.00;Diana;Fighter;JUNGLE;God;82.96;44.71;0.51;0.84;0.12;0.13;2.49
31.00;Diana;Fighter;MID;A;49.05;4.03;0.53;0.15;0.02;0.13;2.20
32.00;Dr. Mundo;Marksman;TOP;S;62.73;-2.08;0.52;0.92;0.04;0.03;2.26
33.00;Draven;Fighter;ADC;B;46.38;-4.53;0.51;0.96;0.06;0.12;2.16
34.00;Ekko;Assassin;JUNGLE;A;55.93;-1.56;0.50;0.64;0.06;0.04;2.74
35.00;Ekko;Assassin;MID;A;46.78;0.91;0.50;0.33;0.03;0.04;2.24
36.00;Elise;Mage;JUNGLE;B;40.59;-3.10;0.49;0.95;0.02;0.02;2.56
37.00;Evelynn;Assassin;JUNGLE;A;48.04;-1.54;0.50;0.99;0.03;0.09;2.94
38.00;Ezreal;Marksman;ADC;God;75.98;1.83;0.49;0.97;0.20;0.05;2.39
39.00;Fiddlesticks;Mage;JUNGLE;B;46.01;-1.29;0.51;0.92;0.03;0.03;2.68
40.00;Fiora;Fighter;TOP;S;75.08;4.32;0.50;0.98;0.06;0.11;1.76
41.00;Fizz;Assassin;MID;A;52.25;1.44;0.51;0.96;0.04;0.05;2.46
42.00;Galio;Tank;MID;A;46.86;0.84;0.50;0.63;0.02;0.01;2.71
43.00;Galio;Tank;SUPPORT;C;36.89;-1.30;0.49;0.34;0.01;0.01;2.35
44.00;Gangplank;Fighter;TOP;S;65.59;14.31;0.48;0.87;0.06;0.04;1.99
45.00;Gangplank;Fighter;MID;C;36.57;3.40;0.49;0.13;0.01;0.04;2.23
46.00;Garen;Fighter;TOP;S;73.99;15.67;0.52;0.87;0.06;0.02;2.10
47.00;Gnar;Fighter;TOP;A;47.10;4.58;0.50;0.98;0.03;0.01;2.01
48.00;Gragas;Fighter;TOP;C;37.47;-2.35;0.49;0.40;0.02;0.00;2.24
49.00;Gragas;Fighter;JUNGLE;C;36.10;-7.55;0.48;0.41;0.02;0.00;2.70
50.00;Gragas;Fighter;SUPPORT;D;32.15;-2.55;0.48;0.12;0.00;0.00;2.25
51.00;Graves;Marksman;JUNGLE;S;59.84;-9.95;0.49;0.67;0.08;0.09;2.58
52.00;Graves;Marksman;TOP;B;42.78;-7.19;0.49;0.26;0.03;0.09;1.72
53.00;Gwen;Fighter;TOP;A;54.66;13.03;0.50;0.83;0.04;0.02;1.73
54.00;Gwen;Fighter;JUNGLE;C;38.68;5.74;0.51;0.13;0.01;0.02;2.36
55.00;Hecarim;Fighter;JUNGLE;S;71.27;12.91;0.51;0.99;0.09;0.08;3.02
56.00;Heimerdinger;Mage;MID;C;35.89;-1.34;0.49;0.36;0.01;0.01;1.96
57.00;Heimerdinger;Mage;ADC;C;34.01;-1.93;0.52;0.16;0.00;0.01;2.23
58.00;Heimerdinger;Mage;SUPPORT;C;33.85;-1.74;0.50;0.10;0.00;0.01;1.83
59.00;Heimerdinger;Mage;TOP;D;24.16;-8.38;0.49;0.39;0.01;0.01;1.65
60.00;Illaoi;Fighter;TOP;C;34.11;-3.45;0.49;0.92;0.02;0.03;1.49
61.00;Irelia;Fighter;TOP;God;81.35;-5.02;0.49;0.60;0.06;0.24;1.58
62.00;Irelia;Fighter;MID;A;48.07;-1.08;0.48;0.39;0.04;0.24;1.75
63.00;Ivern;Support;JUNGLE;C;38.83;1.46;0.48;0.85;0.01;0.00;3.41
64.00;Janna;Support;SUPPORT;A;51.92;-3.82;0.51;0.95;0.05;0.01;3.00
65.00;Jarvan IV;Tank;JUNGLE;A;54.92;4.21;0.51;0.93;0.04;0.01;3.37
66.00;Jax;Fighter;TOP;God;82.16;3.63;0.51;0.86;0.07;0.11;1.63
67.00;Jax;Fighter;JUNGLE;C;34.70;-5.49;0.49;0.13;0.01;0.10;2.13
68.00;Jayce;Fighter;TOP;S;73.56;-5.02;0.49;0.75;0.07;0.04;1.78
69.00;Jayce;Fighter;MID;B;39.29;-2.30;0.49;0.24;0.02;0.04;2.05
70.00;Jhin;Marksman;ADC;God;94.23;3.23;0.51;0.99;0.25;0.06;3.01
71.00;Jinx;Marksman;ADC;God;86.76;-1.22;0.51;1.00;0.22;0.07;2.43
72.00;Kai'Sa;Marksman;ADC;God;75.52;10.50;0.49;0.98;0.19;0.06;2.42
73.00;Kalista;Marksman;ADC;D;31.51;-0.06;0.49;0.91;0.02;0.00;2.30
74.00;Karma;Mage;SUPPORT;S;63.43;6.96;0.49;0.92;0.10;0.03;2.73
75.00;Karthus;Mage;ADC;B;42.26;-1.65;0.55;0.21;0.01;0.03;2.23
76.00;Karthus;Mage;MID;B;42.13;3.77;0.53;0.12;0.00;0.03;2.19
77.00;Karthus;Mage;JUNGLE;B;39.58;0.60;0.49;0.58;0.02;0.03;2.45
78.00;Kassadin;Assassin;MID;A;58.16;-7.74;0.51;0.97;0.05;0.14;2.49
79.00;Katarina;Assassin;MID;S;61.99;-0.88;0.50;0.95;0.07;0.10;2.29
80.00;Kayle;Fighter;TOP;A;48.25;-5.26;0.51;0.73;0.03;0.01;1.80
81.00;Kayle;Fighter;MID;B;40.73;-8.21;0.51;0.26;0.01;0.01;2.28
82.00;Kayn;Fighter;JUNGLE;S;69.12;1.38;0.50;0.98;0.10;0.12;2.41
83.00;Kennen;Mage;MID;B;40.40;-1.04;0.51;0.15;0.00;0.01;2.37
84.00;Kennen;Mage;TOP;C;35.49;0.47;0.49;0.84;0.02;0.01;1.98
85.00;Kha'Zix;Assassin;JUNGLE;S;60.25;-2.33;0.50;0.99;0.07;0.07;2.47
86.00;Kindred;Marksman;JUNGLE;B;46.69;-1.77;0.50;0.92;0.04;0.02;2.26
87.00;Kled;Fighter;MID;A;48.84;0.00;0.55;0.10;0.00;0.01;2.70
88.00;Kled;Fighter;TOP;B;40.27;-4.86;0.50;0.88;0.02;0.01;2.32
89.00;Kog'Maw;Marksman;ADC;B;39.80;-2.80;0.53;0.89;0.02;0.00;2.21
90.00;LeBlanc;Assassin;MID;A;59.14;-1.18;0.49;0.95;0.06;0.12;2.82
91.00;Lee Sin;Fighter;JUNGLE;God;91.89;0.28;0.48;0.97;0.15;0.16;2.82
92.00;Leona;Tank;SUPPORT;S;65.44;-0.99;0.50;0.99;0.10;0.14;2.34
93.00;Lillia;Fighter;JUNGLE;B;42.51;-1.69;0.49;0.85;0.03;0.01;2.66
94.00;Lillia;;TOP;D;24.34;-9.25;0.49;0.11;0.00;0.01;1.96
95.00;Lissandra;Mage;MID;A;47.29;1.22;0.51;0.91;0.03;0.01;2.41
96.00;Lucian;Marksman;ADC;A;48.48;-7.70;0.49;0.86;0.09;0.03;2.25
97.00;Lulu;Support;SUPPORT;God;93.56;0.75;0.51;0.98;0.14;0.26;3.12
98.00;Lux;Mage;SUPPORT;God;82.29;-6.67;0.50;0.68;0.15;0.12;2.53
99.00;Lux;Mage;MID;S;66.92;-0.90;0.51;0.29;0.06;0.12;2.97
100.00;Malphite;Tank;TOP;S;67.63;5.41;0.51;0.75;0.05;0.04;2.41
101.00;Malphite;Tank;MID;B;40.23;-3.72;0.50;0.12;0.01;0.04;2.40
102.00;Malphite;Tank;SUPPORT;D;29.17;-1.81;0.46;0.11;0.01;0.04;2.05
103.00;Malzahar;Mage;MID;A;49.57;5.18;0.51;0.91;0.03;0.03;2.22
104.00;Maokai;Tank;SUPPORT;B;39.51;-0.65;0.50;0.80;0.01;0.00;2.23
105.00;Maokai;Tank;TOP;D;24.65;-6.31;0.49;0.17;0.00;0.00;2.10
106.00;Master Yi;Assassin;JUNGLE;S;64.59;-3.49;0.50;0.93;0.08;0.19;2.02
107.00;Miss Fortune;Marksman;ADC;A;50.67;-1.80;0.50;0.95;0.09;0.02;2.30
108.00;Mordekaiser;Fighter;TOP;S;65.95;14.48;0.50;0.87;0.05;0.06;1.79
109.00;Morgana;Mage;SUPPORT;S;71.03;-1.92;0.50;0.92;0.09;0.27;2.51
110.00;Nami;Support;SUPPORT;S;73.29;-2.30;0.52;1.00;0.11;0.03;3.24
111.00;Nasus;Fighter;TOP;S;64.96;7.18;0.52;0.85;0.04;0.04;1.98
112.00;Nautilus;Tank;SUPPORT;S;60.25;2.25;0.50;0.98;0.09;0.08;2.32
113.00;Neeko;Mage;MID;C;37.75;0.46;0.49;0.62;0.01;0.00;2.22
114.00;Neeko;Mage;SUPPORT;D;31.53;2.13;0.48;0.23;0.01;0.00;1.95
115.00;Nidalee;Assassin;JUNGLE;A;49.10;-0.37;0.49;0.92;0.04;0.03;2.95
116.00;Nocturne;Assassin;JUNGLE;B;39.71;-6.54;0.48;0.87;0.03;0.03;2.39
117.00;Nunu;Tank;JUNGLE;A;55.47;0.61;0.52;0.90;0.04;0.02;3.04
118.00;Olaf;Fighter;JUNGLE;C;36.61;5.55;0.49;0.85;0.01;0.01;2.45
119.00;Olaf;Fighter;TOP;D;11.03;-6.16;0.45;0.16;0.00;0.01;1.63
120.00;Orianna;Mage;MID;A;47.05;1.97;0.50;0.95;0.03;0.00;2.66
121.00;Ornn;Tank;TOP;A;59.57;4.58;0.51;0.94;0.04;0.00;2.30
122.00;Pantheon;Fighter;MID;B;41.54;-2.49;0.51;0.27;0.01;0.01;2.25
123.00;Pantheon;Fighter;SUPPORT;D;32.78;-2.48;0.47;0.40;0.02;0.01;1.89
124.00;Pantheon;Fighter;TOP;D;30.79;-10.85;0.50;0.27;0.01;0.01;2.10
125.00;Poppy;Tank;JUNGLE;B;41.60;-2.14;0.50;0.48;0.02;0.02;2.65
126.00;Poppy;Tank;TOP;B;39.88;-5.73;0.50;0.43;0.02;0.02;2.14
127.00;Pyke;Support;SUPPORT;S;59.89;-0.91;0.49;0.88;0.09;0.13;2.17
128.00;Qiyana;Assassin;MID;A;56.52;2.17;0.51;0.59;0.05;0.14;2.14
129.00;Qiyana;Assassin;JUNGLE;B;42.89;-0.24;0.49;0.38;0.03;0.14;2.42
130.00;Quinn;Marksman;TOP;C;36.42;-5.78;0.52;0.83;0.01;0.01;1.89
131.00;Rakan;Support;SUPPORT;A;54.12;-1.22;0.51;0.98;0.06;0.00;2.94
132.00;Rammus;Tank;JUNGLE;A;48.15;0.36;0.52;0.93;0.02;0.03;2.90
133.00;Rek'Sai;Fighter;JUNGLE;A;49.57;-0.79;0.51;0.97;0.04;0.03;2.51
134.00;Rell;Tank;SUPPORT;B;42.96;0.27;0.51;0.99;0.02;0.00;2.42
135.00;Renekton;Fighter;TOP;A;50.60;6.84;0.48;0.86;0.04;0.02;1.91
136.00;Renekton;Fighter;MID;B;41.32;3.85;0.52;0.13;0.01;0.02;2.19
137.00;Rengar;Assassin;JUNGLE;B;39.34;3.97;0.48;0.78;0.03;0.03;2.28
138.00;Rengar;Assassin;TOP;D;22.41;-8.95;0.47;0.21;0.01;0.02;1.77
139.00;Riven;Fighter;TOP;S;65.68;6.18;0.51;0.92;0.05;0.02;1.99
140.00;Rumble;Fighter;MID;B;45.65;1.36;0.52;0.38;0.01;0.00;2.64
141.00;Rumble;Fighter;JUNGLE;C;36.12;1.29;0.50;0.14;0.00;0.00;2.82
142.00;Rumble;Fighter;TOP;D;25.32;-2.02;0.48;0.47;0.01;0.00;2.02
143.00;Ryze;Mage;MID;C;35.12;-1.72;0.46;0.82;0.02;0.00;2.15
144.00;Ryze;Mage;TOP;D;14.30;-7.36;0.46;0.16;0.00;0.00;1.74
145.00;Samira;Marksman;ADC;B;44.40;-3.44;0.49;0.98;0.07;0.11;2.19
146.00;Sejuani;Tank;JUNGLE;B;40.92;-8.34;0.48;0.82;0.02;0.00;3.09
147.00;Sejuani;Tank;TOP;D;30.67;-2.66;0.51;0.13;0.00;0.00;2.43
148.00;Senna;Marksman;SUPPORT;B;46.43;-2.70;0.48;0.85;0.05;0.02;2.54
149.00;Senna;Marksman;ADC;C;36.30;-2.53;0.51;0.13;0.01;0.02;2.82
150.00;Seraphine;Mage;ADC;B;45.21;5.14;0.54;0.17;0.01;0.01;3.07
151.00;Seraphine;Mage;MID;B;42.18;-1.79;0.50;0.16;0.01;0.01;2.90
152.00;Seraphine;Mage;SUPPORT;B;39.72;-1.97;0.47;0.67;0.04;0.01;2.47
153.00;Sett;Fighter;TOP;God;90.23;15.56;0.50;0.84;0.08;0.07;1.76
154.00;Shaco;Assassin;JUNGLE;S;62.92;3.87;0.52;0.83;0.06;0.17;2.75
155.00;Shaco;Assassin;SUPPORT;B;43.50;3.21;0.52;0.14;0.01;0.17;2.44
156.00;Shen;Tank;TOP;God;88.45;20.45;0.53;0.88;0.06;0.02;2.98
157.00;Shyvana;Fighter;JUNGLE;C;35.87;-5.10;0.49;0.83;0.01;0.00;2.45
158.00;Shyvana;Fighter;TOP;D;23.83;-11.61;0.50;0.13;0.00;0.00;1.88
159.00;Singed;Tank;TOP;B;39.17;-0.57;0.51;0.77;0.02;0.00;2.04
160.00;Sion;Tank;TOP;A;52.81;4.16;0.51;0.84;0.04;0.01;1.63
161.00;Sivir;Marksman;ADC;B;39.74;1.71;0.51;0.98;0.03;0.00;2.53
162.00;Skarner;Fighter;JUNGLE;C;33.16;-7.62;0.48;0.76;0.01;0.00;2.76
163.00;Skarner;Fighter;TOP;D;23.89;-6.83;0.49;0.22;0.00;0.00;2.22
164.00;Sona;Support;SUPPORT;A;57.27;-2.71;0.53;0.98;0.05;0.01;2.98
165.00;Soraka;Support;SUPPORT;S;62.15;-1.48;0.52;0.97;0.07;0.04;2.79
166.00;Swain;Mage;MID;B;44.02;4.28;0.52;0.11;0.00;0.02;2.67
167.00;Swain;Mage;ADC;B;41.33;2.36;0.53;0.21;0.01;0.02;2.85
168.00;Swain;Mage;SUPPORT;B;40.06;-1.79;0.49;0.62;0.03;0.02;2.24
169.00;Sylas;Mage;MID;A;58.98;0.78;0.50;0.75;0.07;0.04;2.14
170.00;Sylas;Mage;TOP;C;33.03;-5.81;0.48;0.21;0.02;0.04;1.86
171.00;Syndra;Mage;MID;A;49.27;2.47;0.49;0.90;0.04;0.01;2.26
172.00;Tahm Kench;Support;TOP;God;91.80;21.07;0.51;0.93;0.06;0.16;2.60
173.00;Taliyah;Mage;SUPPORT;B;42.40;2.15;0.54;0.15;0.00;0.00;2.10
174.00;Taliyah;Mage;MID;C;38.86;0.00;0.50;0.17;0.00;0.00;2.47
175.00;Taliyah;Mage;JUNGLE;C;36.79;-5.52;0.49;0.65;0.01;0.00;2.61
176.00;Talon;Assassin;JUNGLE;S;61.20;-11.56;0.50;0.74;0.06;0.22;2.41
177.00;Talon;Assassin;MID;B;43.48;1.37;0.49;0.25;0.02;0.22;2.17
178.00;Taric;Support;SUPPORT;B;42.25;5.02;0.51;0.89;0.01;0.00;2.82
179.00;Teemo;Marksman;TOP;S;62.74;-5.25;0.49;0.84;0.05;0.10;1.71
180.00;Thresh;Support;SUPPORT;S;69.49;-2.82;0.49;0.99;0.12;0.06;2.57
181.00;Tristana;Marksman;ADC;B;40.29;-0.82;0.49;0.87;0.05;0.02;2.24
182.00;Tristana;Marksman;MID;C;35.10;0.00;0.49;0.10;0.00;0.02;2.00
183.00;Trundle;Fighter;JUNGLE;A;55.13;1.44;0.53;0.63;0.04;0.03;2.84
184.00;Trundle;Fighter;TOP;B;44.04;3.38;0.53;0.31;0.02;0.03;1.83
185.00;Tryndamere;Fighter;TOP;God;76.60;11.36;0.51;0.83;0.06;0.13;1.89
186.00;Tryndamere;Fighter;MID;C;38.31;-6.63;0.50;0.13;0.01;0.13;2.09
187.00;Twisted Fate;Mage;MID;A;49.57;-0.72;0.49;0.95;0.04;0.01;2.34
188.00;Twitch;Marksman;ADC;A;50.77;1.31;0.52;0.81;0.07;0.04;2.42
189.00;Udyr;Fighter;JUNGLE;C;36.98;-5.24;0.49;0.95;0.02;0.01;2.55
190.00;Urgot;Fighter;TOP;S;63.91;13.10;0.53;0.96;0.04;0.02;2.00
191.00;Varus;Marksman;ADC;D;31.43;-1.14;0.48;0.92;0.02;0.00;2.30
192.00;Vayne;Marksman;ADC;S;72.55;-10.08;0.52;0.86;0.14;0.22;2.19
193.00;Vayne;Marksman;TOP;B;41.86;-10.49;0.51;0.13;0.02;0.22;1.53
194.00;Veigar;Mage;MID;A;46.97;-4.80;0.49;0.71;0.04;0.01;2.26
195.00;Veigar;Mage;ADC;C;36.29;-0.33;0.52;0.14;0.01;0.01;2.40
196.00;Veigar;Mage;SUPPORT;D;31.56;0.56;0.48;0.13;0.01;0.01;2.02
197.00;Vel'Koz;Mage;MID;B;45.01;-1.07;0.51;0.42;0.01;0.01;2.67
198.00;Vel'Koz;Mage;SUPPORT;B;39.16;-1.85;0.49;0.56;0.02;0.01;2.17
199.00;Vex;Mage;MID;God;76.85;10.71;0.51;0.85;0.09;0.19;2.48
200.00;Vex;Mage;SUPPORT;D;30.31;-6.68;0.46;0.13;0.01;0.19;1.99
201.00;Vi;Fighter;JUNGLE;A;58.46;-3.59;0.52;0.94;0.06;0.03;2.45
202.00;Viego;Assassin;JUNGLE;God;82.48;0.59;0.50;0.95;0.13;0.14;2.46
203.00;Viktor;Mage;MID;God;81.46;-0.14;0.51;0.85;0.11;0.16;2.35
204.00;Viktor;Mage;TOP;C;37.59;-11.51;0.50;0.13;0.02;0.16;1.88
205.00;Vladimir;Mage;MID;A;55.71;5.34;0.52;0.74;0.04;0.06;2.45
206.00;Vladimir;Mage;TOP;C;32.87;-6.05;0.49;0.24;0.01;0.06;2.03
207.00;Volibear;Fighter;JUNGLE;B;39.63;1.84;0.49;0.42;0.02;0.01;2.50
208.00;Volibear;Fighter;TOP;D;32.21;-8.58;0.46;0.56;0.03;0.01;1.79
209.00;Warwick;Fighter;JUNGLE;A;52.78;-3.57;0.50;0.74;0.06;0.06;2.25
210.00;Warwick;Fighter;TOP;D;31.35;-7.37;0.49;0.25;0.01;0.06;1.94
211.00;Wukong;Fighter;TOP;B;43.24;-1.75;0.51;0.79;0.02;0.01;2.12
212.00;Wukong;Fighter;JUNGLE;C;32.92;-4.87;0.49;0.14;0.00;0.01;2.54
213.00;Xayah;Marksman;ADC;B;40.54;1.61;0.51;0.99;0.04;0.01;2.37
214.00;Xerath;Mage;MID;A;53.25;5.16;0.51;0.38;0.03;0.06;3.17
215.00;Xerath;Mage;SUPPORT;A;49.68;-5.49;0.50;0.56;0.05;0.06;2.54
216.00;Xin Zhao;Fighter;JUNGLE;A;57.04;1.14;0.50;0.96;0.07;0.04;2.44
217.00;Yasuo;Fighter;MID;God;86.16;-0.04;0.50;0.71;0.12;0.24;1.74
218.00;Yasuo;Fighter;TOP;B;39.96;-14.89;0.48;0.16;0.03;0.24;1.45
219.00;Yasuo;Fighter;ADC;C;34.41;-3.91;0.51;0.12;0.02;0.24;1.95
220.00;Yone;Assassin;MID;S;74.16;-7.47;0.48;0.61;0.09;0.27;1.84
221.00;Yone;Assassin;TOP;S;71.87;-20.17;0.48;0.38;0.05;0.27;1.58
222.00;Yorick;Fighter;TOP;B;46.07;-0.42;0.51;0.97;0.03;0.02;1.65
223.00;Yuumi;Support;SUPPORT;God;79.72;-2.67;0.48;0.99;0.11;0.29;4.11
224.00;Zac;Tank;JUNGLE;A;57.82;-0.01;0.51;0.85;0.04;0.02;3.61
225.00;Zed;Assassin;MID;God;90.50;-0.27;0.51;0.67;0.09;0.42;2.31
226.00;Zed;Assassin;JUNGLE;A;49.18;-5.06;0.49;0.30;0.03;0.42;2.47
227.00;Ziggs;Mage;ADC;B;43.63;-0.16;0.54;0.69;0.02;0.01;2.51
228.00;Ziggs;Mage;MID;C;36.44;-0.60;0.48;0.25;0.01;0.01;2.36
229.00;Zilean;Support;MID;A;52.20;1.35;0.54;0.14;0.01;0.01;3.46
230.00;Zilean;Support;SUPPORT;A;49.44;1.68;0.51;0.82;0.03;0.01;3.03
231.00;Zoe;Mage;MID;A;49.77;4.62;0.50;0.94;0.04;0.01;2.58
232.00;Zyra;Mage;SUPPORT;A;49.55;1.74;0.52;0.92;0.04;0.02;2.13
233.00;Aatrox;Fighter;TOP;A;48.45;-2.02;0.50;0.57;0.04;0.08;2.38
234.00;Ahri;Mage;MID;A;48.44;-2.03;0.50;0.57;0.04;0.08;2.38
235.00;Akali;Assassin;MID;S;48.42;-2.05;0.50;0.57;0.04;0.08;2.38
236.00;Akali;Assassin;TOP;A;48.41;-2.06;0.50;0.57;0.04;0.08;2.38
237.00;Akshan;Marksman;MID;S;48.40;-2.08;0.50;0.57;0.04;0.08;2.38
238.00;Akshan;Marksman;TOP;A;48.38;-2.09;0.50;0.57;0.04;0.08;2.38
239.00;Alistar;Tank;SUPPORT;B;48.37;-2.11;0.50;0.57;0.04;0.08;2.38
240.00;Amumu;Tank;JUNGLE;B;48.36;-2.12;0.50;0.57;0.04;0.08;2.38
241.00;Amumu;Tank;SUPPORT;C;48.34;-2.14;0.50;0.57;0.04;0.08;2.38
242.00;Anivia;Mage;MID;A;48.33;-2.15;0.50;0.57;0.04;0.08;2.38
243.00;Anivia;Mage;SUPPORT;D;48.32;-2.17;0.50;0.56;0.04;0.08;2.38
244.00;Annie;Mage;MID;A;48.30;-2.18;0.50;0.56;0.04;0.08;2.38
245.00;Aphelios;Marksman;ADC;C;48.29;-2.20;0.50;0.56;0.04;0.08;2.38
246.00;Ashe;Marksman;ADC;B;48.28;-2.21;0.50;0.56;0.04;0.08;2.38
247.00;Aurelion Sol;Mage;MID;B;48.26;-2.23;0.50;0.56;0.04;0.08;2.38
248.00;Azir;Mage;MID;D;48.25;-2.24;0.50;0.56;0.04;0.08;2.38
249.00;Bard;Support;SUPPORT;A;48.24;-2.26;0.50;0.56;0.04;0.08;2.38
250.00;Blitzcrank;Tank;SUPPORT;S;48.22;-2.27;0.50;0.56;0.04;0.08;2.38
251.00;Brand;Mage;SUPPORT;B;48.21;-2.29;0.50;0.56;0.04;0.08;2.38
252.00;Brand;Mage;MID;B;48.20;-2.30;0.50;0.56;0.04;0.08;2.38
253.00;Braum;Support;SUPPORT;A;48.18;-2.32;0.50;0.56;0.04;0.08;2.39
254.00;Caitlyn;Marksman;ADC;God;48.17;-2.33;0.50;0.56;0.04;0.08;2.39
255.00;Camille;Fighter;TOP;God;48.16;-2.35;0.50;0.56;0.03;0.08;2.39
256.00;Cassiopeia;Mage;MID;B;48.14;-2.36;0.50;0.56;0.03;0.08;2.39
257.00;Cassiopeia;Mage;TOP;D;48.13;-2.38;0.50;0.56;0.03;0.08;2.39
258.00;Cho'Gath;Tank;TOP;A;48.12;-2.39;0.50;0.56;0.03;0.08;2.39
259.00;Cho'Gath;Tank;MID;C;48.10;-2.41;0.50;0.56;0.03;0.08;2.39
260.00;Corki;Marksman;MID;A;48.09;-2.42;0.50;0.55;0.03;0.08;2.39
261.00;Darius;Fighter;TOP;God;48.08;-2.44;0.50;0.55;0.03;0.08;2.39
262.00;Diana;Fighter;JUNGLE;God;48.06;-2.46;0.50;0.55;0.03;0.08;2.39
263.00;Diana;Fighter;MID;A;48.05;-2.47;0.50;0.55;0.03;0.08;2.39
264.00;Dr. Mundo;Marksman;TOP;S;48.04;-2.49;0.50;0.55;0.03;0.08;2.39
265.00;Draven;Fighter;ADC;B;48.02;-2.50;0.50;0.55;0.03;0.08;2.39
266.00;Ekko;Assassin;JUNGLE;A;48.01;-2.52;0.50;0.55;0.03;0.08;2.39
267.00;Ekko;Assassin;MID;A;48.00;-2.53;0.50;0.55;0.03;0.08;2.39
268.00;Elise;Mage;JUNGLE;B;47.98;-2.55;0.50;0.55;0.03;0.08;2.39
269.00;Evelynn;Assassin;JUNGLE;A;47.97;-2.56;0.50;0.55;0.03;0.08;2.39
270.00;Ezreal;Marksman;ADC;God;47.96;-2.58;0.50;0.55;0.03;0.08;2.39
271.00;Fiddlesticks;Mage;JUNGLE;B;47.95;-2.59;0.50;0.55;0.03;0.08;2.39
272.00;Fiora;Fighter;TOP;S;47.93;-2.61;0.50;0.55;0.03;0.08;2.39
273.00;Fizz;Assassin;MID;A;47.92;-2.62;0.50;0.55;0.03;0.08;2.39
274.00;Galio;Tank;MID;A;47.91;-2.64;0.50;0.55;0.03;0.08;2.39
275.00;Galio;Tank;SUPPORT;C;47.89;-2.65;0.50;0.55;0.03;0.08;2.39
276.00;Gangplank;Fighter;TOP;S;47.88;-2.67;0.50;0.55;0.03;0.08;2.39
277.00;Gangplank;Fighter;MID;C;47.87;-2.68;0.50;0.54;0.03;0.08;2.39
278.00;Garen;Fighter;TOP;S;47.85;-2.70;0.50;0.54;0.03;0.08;2.39
279.00;Gnar;Fighter;TOP;A;47.84;-2.71;0.50;0.54;0.03;0.08;2.40
280.00;Gragas;Fighter;TOP;C;47.83;-2.73;0.50;0.54;0.03;0.08;2.40
281.00;Gragas;Fighter;JUNGLE;C;47.81;-2.74;0.50;0.54;0.03;0.08;2.40
282.00;Gragas;Fighter;SUPPORT;D;47.80;-2.76;0.50;0.54;0.03;0.08;2.40
283.00;Graves;Marksman;JUNGLE;S;47.79;-2.77;0.50;0.54;0.03;0.08;2.40
284.00;Graves;Marksman;TOP;B;47.77;-2.79;0.50;0.54;0.03;0.08;2.40
285.00;Gwen;Fighter;TOP;A;47.76;-2.80;0.50;0.54;0.03;0.08;2.40
286.00;Gwen;Fighter;JUNGLE;C;47.75;-2.82;0.50;0.54;0.03;0.08;2.40
287.00;Hecarim;Fighter;JUNGLE;S;47.73;-2.83;0.50;0.54;0.03;0.08;2.40
288.00;Heimerdinger;Mage;MID;C;47.72;-2.85;0.50;0.54;0.03;0.08;2.40
289.00;Heimerdinger;Mage;ADC;C;47.71;-2.86;0.50;0.54;0.03;0.09;2.40
290.00;Heimerdinger;Mage;SUPPORT;C;47.69;-2.88;0.50;0.54;0.03;0.09;2.40
291.00;Heimerdinger;Mage;TOP;D;47.68;-2.89;0.50;0.54;0.03;0.09;2.40
292.00;Illaoi;Fighter;TOP;C;47.67;-2.91;0.50;0.54;0.03;0.09;2.40
293.00;Irelia;Fighter;TOP;God;47.65;-2.92;0.50;0.53;0.03;0.09;2.40
294.00;Irelia;Fighter;MID;A;47.64;-2.94;0.50;0.53;0.03;0.09;2.40
295.00;Ivern;Support;JUNGLE;C;47.63;-2.95;0.50;0.53;0.03;0.09;2.40
296.00;Janna;Support;SUPPORT;A;47.61;-2.97;0.50;0.53;0.03;0.09;2.40
297.00;Jarvan IV;Tank;JUNGLE;A;47.60;-2.98;0.50;0.53;0.03;0.09;2.40
298.00;Jax;Fighter;TOP;God;47.59;-3.00;0.50;0.53;0.03;0.09;2.40
299.00;Jax;Fighter;JUNGLE;C;47.57;-3.01;0.50;0.53;0.03;0.09;2.40
300.00;Jayce;Fighter;TOP;S;47.56;-3.03;0.50;0.53;0.03;0.09;2.40
301.00;Jayce;Fighter;MID;B;47.55;-3.04;0.50;0.53;0.03;0.09;2.40
302.00;Jhin;Marksman;ADC;God;47.53;-3.06;0.50;0.53;0.03;0.09;2.40
303.00;Jinx;Marksman;ADC;God;47.52;-3.07;0.50;0.53;0.03;0.09;2.40
304.00;Kai'Sa;Marksman;ADC;God;47.51;-3.09;0.50;0.53;0.03;0.09;2.41
305.00;Kalista;Marksman;ADC;D;47.49;-3.10;0.50;0.53;0.03;0.09;2.41
306.00;Karma;Mage;SUPPORT;S;47.48;-3.12;0.50;0.53;0.03;0.09;2.41
307.00;Karthus;Mage;ADC;B;47.47;-3.13;0.50;0.53;0.03;0.09;2.41
308.00;Karthus;Mage;MID;B;47.45;-3.15;0.50;0.53;0.03;0.09;2.41
309.00;Karthus;Mage;JUNGLE;B;47.44;-3.16;0.50;0.53;0.03;0.09;2.41
310.00;Kassadin;Assassin;MID;A;47.43;-3.18;0.50;0.52;0.03;0.09;2.41
311.00;Katarina;Assassin;MID;S;47.41;-3.19;0.50;0.52;0.03;0.09;2.41
312.00;Kayle;Fighter;TOP;A;47.40;-3.21;0.50;0.52;0.03;0.09;2.41
313.00;Kayle;Fighter;MID;B;47.39;-3.22;0.50;0.52;0.03;0.09;2.41
314.00;Kayn;Fighter;JUNGLE;S;47.37;-3.24;0.50;0.52;0.03;0.09;2.41
315.00;Kennen;Mage;MID;B;47.36;-3.25;0.50;0.52;0.03;0.09;2.41
316.00;Kennen;Mage;TOP;C;47.35;-3.27;0.50;0.52;0.03;0.09;2.41
317.00;Kha'Zix;Assassin;JUNGLE;S;47.33;-3.28;0.50;0.52;0.03;0.09;2.41
318.00;Kindred;Marksman;JUNGLE;B;47.32;-3.30;0.50;0.52;0.03;0.09;2.41
319.00;Kled;Fighter;MID;A;47.31;-3.31;0.50;0.52;0.03;0.09;2.41
320.00;Kled;Fighter;TOP;B;47.29;-3.33;0.50;0.52;0.03;0.09;2.41
321.00;Kog'Maw;Marksman;ADC;B;47.28;-3.34;0.50;0.52;0.03;0.09;2.41
322.00;LeBlanc;Assassin;MID;A;47.27;-3.36;0.50;0.52;0.03;0.09;2.41
323.00;Lee Sin;Fighter;JUNGLE;God;47.25;-3.37;0.50;0.52;0.03;0.09;2.41
324.00;Leona;Tank;SUPPORT;S;47.24;-3.39;0.50;0.52;0.03;0.09;2.41
325.00;Lillia;Fighter;JUNGLE;B;47.23;-3.40;0.50;0.52;0.03;0.09;2.41
326.00;Lillia;;TOP;D;47.21;-3.42;0.50;0.51;0.03;0.09;2.41
327.00;Lissandra;Mage;MID;A;47.20;-3.43;0.50;0.51;0.03;0.09;2.41
328.00;Lucian;Marksman;ADC;A;47.19;-3.45;0.50;0.51;0.03;0.09;2.41
329.00;Lulu;Support;SUPPORT;God;47.17;-3.46;0.50;0.51;0.03;0.09;2.41
330.00;Lux;Mage;SUPPORT;God;47.16;-3.48;0.50;0.51;0.03;0.09;2.42
331.00;Lux;Mage;MID;S;47.15;-3.49;0.50;0.51;0.03;0.09;2.42
332.00;Malphite;Tank;TOP;S;47.13;-3.51;0.50;0.51;0.03;0.09;2.42
333.00;Malphite;Tank;MID;B;47.12;-3.52;0.50;0.51;0.03;0.09;2.42
334.00;Malphite;Tank;SUPPORT;D;47.11;-3.54;0.50;0.51;0.03;0.09;2.42
335.00;Malzahar;Mage;MID;A;47.09;-3.55;0.50;0.51;0.03;0.09;2.42
336.00;Maokai;Tank;SUPPORT;B;47.08;-3.57;0.50;0.51;0.03;0.09;2.42
337.00;Maokai;Tank;TOP;D;47.07;-3.58;0.50;0.51;0.03;0.09;2.42
338.00;Master Yi;Assassin;JUNGLE;S;47.05;-3.60;0.50;0.51;0.03;0.09;2.42
339.00;Miss Fortune;Marksman;ADC;A;47.04;-3.61;0.50;0.51;0.03;0.09;2.42
340.00;Mordekaiser;Fighter;TOP;S;47.03;-3.63;0.50;0.51;0.03;0.09;2.42
341.00;Morgana;Mage;SUPPORT;S;47.01;-3.64;0.50;0.51;0.03;0.09;2.42
342.00;Nami;Support;SUPPORT;S;47.00;-3.66;0.50;0.51;0.03;0.09;2.42
343.00;Nasus;Fighter;TOP;S;46.99;-3.67;0.50;0.50;0.03;0.09;2.42
344.00;Nautilus;Tank;SUPPORT;S;46.97;-3.69;0.50;0.50;0.03;0.09;2.42
345.00;Neeko;Mage;MID;C;46.96;-3.70;0.50;0.50;0.03;0.09;2.42
346.00;Neeko;Mage;SUPPORT;D;46.95;-3.72;0.50;0.50;0.03;0.09;2.42
347.00;Nidalee;Assassin;JUNGLE;A;46.93;-3.73;0.50;0.50;0.03;0.09;2.42
348.00;Nocturne;Assassin;JUNGLE;B;46.92;-3.75;0.50;0.50;0.03;0.09;2.42
349.00;Nunu;Tank;JUNGLE;A;46.91;-3.76;0.50;0.50;0.03;0.09;2.42
350.00;Olaf;Fighter;JUNGLE;C;46.89;-3.78;0.50;0.50;0.03;0.09;2.42
351.00;Olaf;Fighter;TOP;D;46.88;-3.79;0.50;0.50;0.03;0.09;2.42
352.00;Orianna;Mage;MID;A;46.87;-3.81;0.50;0.50;0.03;0.09;2.42
353.00;Ornn;Tank;TOP;A;46.85;-3.83;0.50;0.50;0.03;0.09;2.42
354.00;Pantheon;Fighter;MID;B;46.84;-3.84;0.50;0.50;0.03;0.09;2.42
355.00;Pantheon;Fighter;SUPPORT;D;46.83;-3.86;0.50;0.50;0.03;0.10;2.43
356.00;Pantheon;Fighter;TOP;D;46.81;-3.87;0.50;0.50;0.03;0.10;2.43
357.00;Poppy;Tank;JUNGLE;B;46.80;-3.89;0.50;0.50;0.03;0.10;2.43
358.00;Poppy;Tank;TOP;B;46.79;-3.90;0.50;0.50;0.03;0.10;2.43
359.00;Pyke;Support;SUPPORT;S;46.77;-3.92;0.50;0.49;0.03;0.10;2.43
360.00;Qiyana;Assassin;MID;A;46.76;-3.93;0.50;0.49;0.03;0.10;2.43
361.00;Qiyana;Assassin;JUNGLE;B;46.75;-3.95;0.50;0.49;0.03;0.10;2.43
362.00;Quinn;Marksman;TOP;C;46.73;-3.96;0.50;0.49;0.03;0.10;2.43
363.00;Rakan;Support;SUPPORT;A;46.72;-3.98;0.50;0.49;0.03;0.10;2.43
364.00;Rammus;Tank;JUNGLE;A;46.71;-3.99;0.50;0.49;0.03;0.10;2.43
365.00;Rek'Sai;Fighter;JUNGLE;A;46.69;-4.01;0.50;0.49;0.03;0.10;2.43
366.00;Rell;Tank;SUPPORT;B;46.68;-4.02;0.50;0.49;0.03;0.10;2.43
367.00;Renekton;Fighter;TOP;A;46.67;-4.04;0.50;0.49;0.03;0.10;2.43
368.00;Renekton;Fighter;MID;B;46.65;-4.05;0.50;0.49;0.03;0.10;2.43
369.00;Rengar;Assassin;JUNGLE;B;46.64;-4.07;0.50;0.49;0.03;0.10;2.43
370.00;Rengar;Assassin;TOP;D;46.63;-4.08;0.50;0.49;0.03;0.10;2.43
371.00;Riven;Fighter;TOP;S;46.61;-4.10;0.50;0.49;0.03;0.10;2.43
372.00;Rumble;Fighter;MID;B;46.60;-4.11;0.50;0.49;0.03;0.10;2.43
373.00;Rumble;Fighter;JUNGLE;C;46.59;-4.13;0.50;0.49;0.03;0.10;2.43
374.00;Rumble;Fighter;TOP;D;46.57;-4.14;0.50;0.49;0.03;0.10;2.43
375.00;Ryze;Mage;MID;C;46.56;-4.16;0.50;0.49;0.03;0.10;2.43
376.00;Ryze;Mage;TOP;D;46.55;-4.17;0.50;0.48;0.03;0.10;2.43
377.00;Samira;Marksman;ADC;B;46.53;-4.19;0.50;0.48;0.03;0.10;2.43
378.00;Sejuani;Tank;JUNGLE;B;46.52;-4.20;0.50;0.48;0.03;0.10;2.43
379.00;Sejuani;Tank;TOP;D;46.51;-4.22;0.50;0.48;0.03;0.10;2.43
380.00;Senna;Marksman;SUPPORT;B;46.50;-4.23;0.50;0.48;0.03;0.10;2.43
381.00;Senna;Marksman;ADC;C;46.48;-4.25;0.50;0.48;0.03;0.10;2.44
382.00;Seraphine;Mage;ADC;B;46.47;-4.26;0.50;0.48;0.03;0.10;2.44
383.00;Seraphine;Mage;MID;B;46.46;-4.28;0.50;0.48;0.03;0.10;2.44
384.00;Seraphine;Mage;SUPPORT;B;46.44;-4.29;0.50;0.48;0.03;0.10;2.44
385.00;Sett;Fighter;TOP;God;46.43;-4.31;0.50;0.48;0.03;0.10;2.44
386.00;Shaco;Assassin;JUNGLE;S;46.42;-4.32;0.50;0.48;0.03;0.10;2.44
387.00;Shaco;Assassin;SUPPORT;B;46.40;-4.34;0.50;0.48;0.03;0.10;2.44
388.00;Shen;Tank;TOP;God;46.39;-4.35;0.50;0.48;0.03;0.10;2.44
389.00;Shyvana;Fighter;JUNGLE;C;46.38;-4.37;0.50;0.48;0.03;0.10;2.44
390.00;Shyvana;Fighter;TOP;D;46.36;-4.38;0.50;0.48;0.03;0.10;2.44
391.00;Singed;Tank;TOP;B;46.35;-4.40;0.50;0.48;0.03;0.10;2.44
392.00;Sion;Tank;TOP;A;46.34;-4.41;0.50;0.47;0.03;0.10;2.44
393.00;Sivir;Marksman;ADC;B;46.32;-4.43;0.50;0.47;0.03;0.10;2.44
394.00;Skarner;Fighter;JUNGLE;C;46.31;-4.44;0.50;0.47;0.03;0.10;2.44
395.00;Skarner;Fighter;TOP;D;46.30;-4.46;0.50;0.47;0.03;0.10;2.44
396.00;Sona;Support;SUPPORT;A;46.28;-4.47;0.50;0.47;0.03;0.10;2.44
397.00;Soraka;Support;SUPPORT;S;46.27;-4.49;0.50;0.47;0.03;0.10;2.44
398.00;Swain;Mage;MID;B;46.26;-4.50;0.50;0.47;0.03;0.10;2.44
399.00;Swain;Mage;ADC;B;46.24;-4.52;0.50;0.47;0.03;0.10;2.44
400.00;Swain;Mage;SUPPORT;B;46.23;-4.53;0.50;0.47;0.03;0.10;2.44
401.00;Sylas;Mage;MID;A;46.22;-4.55;0.50;0.47;0.03;0.10;2.44
402.00;Sylas;Mage;TOP;C;46.20;-4.56;0.50;0.47;0.03;0.10;2.44
403.00;Syndra;Mage;MID;A;46.19;-4.58;0.50;0.47;0.03;0.10;2.44
404.00;Tahm Kench;Support;TOP;God;46.18;-4.59;0.50;0.47;0.03;0.10;2.44
405.00;Taliyah;Mage;SUPPORT;B;46.16;-4.61;0.50;0.47;0.03;0.10;2.44
406.00;Taliyah;Mage;MID;C;46.15;-4.62;0.50;0.47;0.03;0.10;2.45
407.00;Taliyah;Mage;JUNGLE;C;46.14;-4.64;0.50;0.47;0.03;0.10;2.45
408.00;Talon;Assassin;JUNGLE;S;46.12;-4.65;0.50;0.47;0.03;0.10;2.45
409.00;Talon;Assassin;MID;B;46.11;-4.67;0.50;0.46;0.03;0.10;2.45
410.00;Taric;Support;SUPPORT;B;46.10;-4.68;0.50;0.46;0.03;0.10;2.45
411.00;Teemo;Marksman;TOP;S;46.08;-4.70;0.50;0.46;0.03;0.10;2.45
412.00;Thresh;Support;SUPPORT;S;46.07;-4.71;0.50;0.46;0.03;0.10;2.45
413.00;Tristana;Marksman;ADC;B;46.06;-4.73;0.50;0.46;0.03;0.10;2.45
414.00;Tristana;Marksman;MID;C;46.04;-4.74;0.50;0.46;0.03;0.10;2.45
415.00;Trundle;Fighter;JUNGLE;A;46.03;-4.76;0.50;0.46;0.03;0.10;2.45
416.00;Trundle;Fighter;TOP;B;46.02;-4.77;0.50;0.46;0.03;0.10;2.45
417.00;Tryndamere;Fighter;TOP;God;46.00;-4.79;0.50;0.46;0.03;0.10;2.45
418.00;Tryndamere;Fighter;MID;C;45.99;-4.80;0.50;0.46;0.03;0.10;2.45
419.00;Twisted Fate;Mage;MID;A;45.98;-4.82;0.50;0.46;0.03;0.10;2.45
420.00;Twitch;Marksman;ADC;A;45.96;-4.83;0.50;0.46;0.03;0.11;2.45
421.00;Udyr;Fighter;JUNGLE;C;45.95;-4.85;0.50;0.46;0.03;0.11;2.45
422.00;Urgot;Fighter;TOP;S;45.94;-4.86;0.50;0.46;0.03;0.11;2.45
423.00;Varus;Marksman;ADC;D;45.92;-4.88;0.50;0.46;0.03;0.11;2.45
424.00;Vayne;Marksman;ADC;S;45.91;-4.89;0.50;0.46;0.03;0.11;2.45
425.00;Vayne;Marksman;TOP;B;45.90;-4.91;0.50;0.46;0.03;0.11;2.45
426.00;Veigar;Mage;MID;A;45.88;-4.92;0.50;0.45;0.03;0.11;2.45
427.00;Veigar;Mage;ADC;C;45.87;-4.94;0.50;0.45;0.03;0.11;2.45
428.00;Veigar;Mage;SUPPORT;D;45.86;-4.95;0.50;0.45;0.03;0.11;2.45
429.00;Vel'Koz;Mage;MID;B;45.84;-4.97;0.50;0.45;0.03;0.11;2.45
430.00;Vel'Koz;Mage;SUPPORT;B;45.83;-4.98;0.50;0.45;0.03;0.11;2.45
431.00;Vex;Mage;MID;God;45.82;-5.00;0.50;0.45;0.03;0.11;2.45
432.00;Vex;Mage;SUPPORT;D;45.80;-5.01;0.50;0.45;0.03;0.11;2.46
433.00;Vi;Fighter;JUNGLE;A;45.79;-5.03;0.50;0.45;0.03;0.11;2.46
434.00;Viego;Assassin;JUNGLE;God;45.78;-5.04;0.50;0.45;0.03;0.11;2.46
435.00;Viktor;Mage;MID;God;45.76;-5.06;0.50;0.45;0.03;0.11;2.46
436.00;Viktor;Mage;TOP;C;45.75;-5.07;0.50;0.45;0.03;0.11;2.46
437.00;Vladimir;Mage;MID;A;45.74;-5.09;0.50;0.45;0.03;0.11;2.46
438.00;Vladimir;Mage;TOP;C;45.72;-5.10;0.50;0.45;0.03;0.11;2.46
439.00;Volibear;Fighter;JUNGLE;B;45.71;-5.12;0.50;0.45;0.03;0.11;2.46
440.00;Volibear;Fighter;TOP;D;45.70;-5.13;0.50;0.45;0.03;0.11;2.46
441.00;Warwick;Fighter;JUNGLE;A;45.68;-5.15;0.50;0.45;0.03;0.11;2.46
442.00;Warwick;Fighter;TOP;D;45.67;-5.17;0.50;0.44;0.03;0.11;2.46
443.00;Wukong;Fighter;TOP;B;45.66;-5.18;0.50;0.44;0.03;0.11;2.46
444.00;Wukong;Fighter;JUNGLE;C;45.64;-5.20;0.50;0.44;0.03;0.11;2.46
445.00;Xayah;Marksman;ADC;B;45.63;-5.21;0.50;0.44;0.03;0.11;2.46
446.00;Xerath;Mage;MID;A;45.62;-5.23;0.50;0.44;0.03;0.11;2.46
447.00;Xerath;Mage;SUPPORT;A;45.60;-5.24;0.50;0.44;0.03;0.11;2.46
448.00;Xin Zhao;Fighter;JUNGLE;A;45.59;-5.26;0.50;0.44;0.03;0.11;2.46
449.00;Yasuo;Fighter;MID;God;45.58;-5.27;0.50;0.44;0.03;0.11;2.46
450.00;Yasuo;Fighter;TOP;B;45.56;-5.29;0.50;0.44;0.03;0.11;2.46
451.00;Yasuo;Fighter;ADC;C;45.55;-5.30;0.50;0.44;0.03;0.11;2.46
452.00;Yone;Assassin;MID;S;45.54;-5.32;0.50;0.44;0.03;0.11;2.46
453.00;Yone;Assassin;TOP;S;45.52;-5.33;0.50;0.44;0.03;0.11;2.46
454.00;Yorick;Fighter;TOP;B;45.51;-5.35;0.50;0.44;0.02;0.11;2.46
455.00;Yuumi;Support;SUPPORT;God;45.50;-5.36;0.50;0.44;0.02;0.11;2.46
456.00;Zac;Tank;JUNGLE;A;45.48;-5.38;0.50;0.44;0.02;0.11;2.46
457.00;Zed;Assassin;MID;God;45.47;-5.39;0.50;0.44;0.02;0.11;2.47
458.00;Zed;Assassin;JUNGLE;A;45.46;-5.41;0.50;0.44;0.02;0.11;2.47
459.00;Ziggs;Mage;ADC;B;45.44;-5.42;0.50;0.43;0.02;0.11;2.47
460.00;Ziggs;Mage;MID;C;45.43;-5.44;0.50;0.43;0.02;0.11;2.47
461.00;Zilean;Support;MID;A;45.42;-5.45;0.50;0.43;0.02;0.11;2.47
462.00;Zilean;Support;SUPPORT;A;45.40;-5.47;0.50;0.43;0.02;0.11;2.47
463.00;Zoe;Mage;MID;A;45.39;-5.48;0.50;0.43;0.02;0.11;2.47
464.00;Zyra;Mage;SUPPORT;A;45.38;-5.50;0.50;0.43;0.02;0.11;2.47
465.00;Aatrox;Fighter;TOP;A;45.36;-5.51;0.50;0.43;0.02;0.11;2.47
466.00;Ahri;Mage;MID;A;45.35;-5.53;0.50;0.43;0.02;0.11;2.47
467.00;Akali;Assassin;MID;S;45.34;-5.54;0.50;0.43;0.02;0.11;2.47
468.00;Akali;Assassin;TOP;A;45.32;-5.56;0.50;0.43;0.02;0.11;2.47
469.00;Akshan;Marksman;MID;S;45.31;-5.57;0.50;0.43;0.02;0.11;2.47
470.00;Akshan;Marksman;TOP;A;45.30;-5.59;0.50;0.43;0.02;0.11;2.47
471.00;Alistar;Tank;SUPPORT;B;45.28;-5.60;0.50;0.43;0.02;0.11;2.47
472.00;Amumu;Tank;JUNGLE;B;45.27;-5.62;0.50;0.43;0.02;0.11;2.47
473.00;Amumu;Tank;SUPPORT;C;45.26;-5.63;0.50;0.43;0.02;0.11;2.47
474.00;Anivia;Mage;MID;A;45.24;-5.65;0.50;0.43;0.02;0.11;2.47
475.00;Anivia;Mage;SUPPORT;D;45.23;-5.66;0.50;0.42;0.02;0.11;2.47
476.00;Annie;Mage;MID;A;45.22;-5.68;0.50;0.42;0.02;0.11;2.47
477.00;Aphelios;Marksman;ADC;C;45.20;-5.69;0.50;0.42;0.02;0.11;2.47
478.00;Ashe;Marksman;ADC;B;45.19;-5.71;0.50;0.42;0.02;0.11;2.47
479.00;Aurelion Sol;Mage;MID;B;45.18;-5.72;0.50;0.42;0.02;0.11;2.47
480.00;Azir;Mage;MID;D;45.16;-5.74;0.50;0.42;0.02;0.11;2.47
481.00;Bard;Support;SUPPORT;A;45.15;-5.75;0.50;0.42;0.02;0.11;2.47
482.00;Blitzcrank;Tank;SUPPORT;S;45.14;-5.77;0.50;0.42;0.02;0.11;2.48
483.00;Brand;Mage;SUPPORT;B;45.12;-5.78;0.50;0.42;0.02;0.11;2.48
484.00;Brand;Mage;MID;B;45.11;-5.80;0.50;0.42;0.02;0.11;2.48
485.00;Braum;Support;SUPPORT;A;45.10;-5.81;0.50;0.42;0.02;0.11;2.48
486.00;Caitlyn;Marksman;ADC;God;45.09;-5.83;0.50;0.42;0.02;0.12;2.48
487.00;Camille;Fighter;TOP;God;45.07;-5.84;0.50;0.42;0.02;0.12;2.48
488.00;Cassiopeia;Mage;MID;B;45.06;-5.86;0.50;0.42;0.02;0.12;2.48
489.00;Cassiopeia;Mage;TOP;D;45.05;-5.87;0.50;0.42;0.02;0.12;2.48
490.00;Cho'Gath;Tank;TOP;A;45.03;-5.89;0.50;0.42;0.02;0.12;2.48
491.00;Cho'Gath;Tank;MID;C;45.02;-5.90;0.50;0.42;0.02;0.12;2.48
492.00;Corki;Marksman;MID;A;45.01;-5.92;0.50;0.41;0.02;0.12;2.48
493.00;Darius;Fighter;TOP;God;44.99;-5.93;0.50;0.41;0.02;0.12;2.48
494.00;Diana;Fighter;JUNGLE;God;44.98;-5.95;0.50;0.41;0.02;0.12;2.48
495.00;Diana;Fighter;MID;A;44.97;-5.96;0.50;0.41;0.02;0.12;2.48
496.00;Dr. Mundo;Marksman;TOP;S;44.95;-5.98;0.50;0.41;0.02;0.12;2.48
497.00;Draven;Fighter;ADC;B;44.94;-5.99;0.50;0.41;0.02;0.12;2.48
498.00;Ekko;Assassin;JUNGLE;A;44.93;-6.01;0.50;0.41;0.02;0.12;2.48
499.00;Ekko;Assassin;MID;A;44.91;-6.02;0.50;0.41;0.02;0.12;2.48
500.00;Elise;Mage;JUNGLE;B;44.90;-6.04;0.50;0.41;0.02;0.12;2.48
501.00;Evelynn;Assassin;JUNGLE;A;44.89;-6.05;0.50;0.41;0.02;0.12;2.48
502.00;Aatrox;Fighter;TOP;A;44.87;-6.07;0.50;0.41;0.02;0.12;2.48
503.00;Ahri;Mage;MID;A;44.86;-6.08;0.50;0.41;0.02;0.12;2.48
504.00;Akali;Assassin;MID;S;44.85;-6.10;0.50;0.41;0.02;0.12;2.48
505.00;Akali;Assassin;TOP;A;44.83;-6.11;0.50;0.41;0.02;0.12;2.48
506.00;Akshan;Marksman;MID;S;44.82;-6.13;0.50;0.41;0.02;0.12;2.48
507.00;Akshan;Marksman;TOP;A;44.81;-6.14;0.50;0.41;0.02;0.12;2.48
508.00;Alistar;Tank;SUPPORT;B;44.79;-6.16;0.50;0.40;0.02;0.12;2.49
509.00;Amumu;Tank;JUNGLE;B;44.78;-6.17;0.50;0.40;0.02;0.12;2.49
510.00;Amumu;Tank;SUPPORT;C;44.77;-6.19;0.50;0.40;0.02;0.12;2.49
511.00;Anivia;Mage;MID;A;44.75;-6.20;0.50;0.40;0.02;0.12;2.49
512.00;Anivia;Mage;SUPPORT;D;44.74;-6.22;0.50;0.40;0.02;0.12;2.49
513.00;Annie;Mage;MID;A;44.73;-6.23;0.50;0.40;0.02;0.12;2.49
514.00;Aphelios;Marksman;ADC;C;44.71;-6.25;0.50;0.40;0.02;0.12;2.49
515.00;Ashe;Marksman;ADC;B;44.70;-6.26;0.50;0.40;0.02;0.12;2.49
516.00;Aurelion Sol;Mage;MID;B;44.69;-6.28;0.50;0.40;0.02;0.12;2.49
517.00;Azir;Mage;MID;D;44.67;-6.29;0.50;0.40;0.02;0.12;2.49
518.00;Bard;Support;SUPPORT;A;44.66;-6.31;0.50;0.40;0.02;0.12;2.49
519.00;Blitzcrank;Tank;SUPPORT;S;44.65;-6.32;0.50;0.40;0.02;0.12;2.49
520.00;Brand;Mage;SUPPORT;B;44.63;-6.34;0.50;0.40;0.02;0.12;2.49
521.00;Brand;Mage;MID;B;44.62;-6.35;0.50;0.40;0.02;0.12;2.49
522.00;Braum;Support;SUPPORT;A;44.61;-6.37;0.50;0.40;0.02;0.12;2.49
523.00;Caitlyn;Marksman;ADC;God;44.59;-6.38;0.50;0.40;0.02;0.12;2.49
524.00;Camille;Fighter;TOP;God;44.58;-6.40;0.50;0.40;0.02;0.12;2.49
525.00;Cassiopeia;Mage;MID;B;44.57;-6.41;0.50;0.39;0.02;0.12;2.49
526.00;Cassiopeia;Mage;TOP;D;44.55;-6.43;0.50;0.39;0.02;0.12;2.49
527.00;Cho'Gath;Tank;TOP;A;44.54;-6.44;0.50;0.39;0.02;0.12;2.49
528.00;Cho'Gath;Tank;MID;C;44.53;-6.46;0.50;0.39;0.02;0.12;2.49
529.00;Corki;Marksman;MID;A;44.51;-6.47;0.50;0.39;0.02;0.12;2.49
530.00;Darius;Fighter;TOP;God;44.50;-6.49;0.50;0.39;0.02;0.12;2.49
531.00;Diana;Fighter;JUNGLE;God;44.49;-6.50;0.50;0.39;0.02;0.12;2.49
532.00;Diana;Fighter;MID;A;44.47;-6.52;0.50;0.39;0.02;0.12;2.49
533.00;Dr. Mundo;Marksman;TOP;S;44.46;-6.54;0.50;0.39;0.02;0.12;2.50
534.00;Draven;Fighter;ADC;B;44.45;-6.55;0.50;0.39;0.02;0.12;2.50
535.00;Ekko;Assassin;JUNGLE;A;44.43;-6.57;0.50;0.39;0.02;0.12;2.50
536.00;Ekko;Assassin;MID;A;44.42;-6.58;0.50;0.39;0.02;0.12;2.50
537.00;Elise;Mage;JUNGLE;B;44.41;-6.60;0.50;0.39;0.02;0.12;2.50
538.00;Evelynn;Assassin;JUNGLE;A;44.39;-6.61;0.50;0.39;0.02;0.12;2.50
539.00;Ezreal;Marksman;ADC;God;44.38;-6.63;0.50;0.39;0.02;0.12;2.50
540.00;Fiddlesticks;Mage;JUNGLE;B;44.37;-6.64;0.50;0.39;0.02;0.12;2.50
541.00;Fiora;Fighter;TOP;S;44.35;-6.66;0.50;0.38;0.02;0.12;2.50
542.00;Fizz;Assassin;MID;A;44.34;-6.67;0.50;0.38;0.02;0.12;2.50
543.00;Galio;Tank;MID;A;44.33;-6.69;0.50;0.38;0.02;0.12;2.50
544.00;Galio;Tank;SUPPORT;C;44.31;-6.70;0.50;0.38;0.02;0.12;2.50
545.00;Gangplank;Fighter;TOP;S;44.30;-6.72;0.50;0.38;0.02;0.12;2.50
546.00;Gangplank;Fighter;MID;C;44.29;-6.73;0.50;0.38;0.02;0.12;2.50
547.00;Garen;Fighter;TOP;S;44.27;-6.75;0.50;0.38;0.02;0.12;2.50
548.00;Gnar;Fighter;TOP;A;44.26;-6.76;0.50;0.38;0.02;0.12;2.50
549.00;Gragas;Fighter;TOP;C;44.25;-6.78;0.50;0.38;0.02;0.12;2.50
550.00;Gragas;Fighter;JUNGLE;C;44.23;-6.79;0.50;0.38;0.02;0.12;2.50
551.00;Gragas;Fighter;SUPPORT;D;44.22;-6.81;0.50;0.38;0.02;0.13;2.50
552.00;Graves;Marksman;JUNGLE;S;44.21;-6.82;0.50;0.38;0.02;0.13;2.50
553.00;Graves;Marksman;TOP;B;44.19;-6.84;0.50;0.38;0.02;0.13;2.50
554.00;Gwen;Fighter;TOP;A;44.18;-6.85;0.50;0.38;0.02;0.13;2.50
555.00;Gwen;Fighter;JUNGLE;C;44.17;-6.87;0.50;0.38;0.02;0.13;2.50
556.00;Hecarim;Fighter;JUNGLE;S;44.15;-6.88;0.50;0.38;0.02;0.13;2.50
557.00;Heimerdinger;Mage;MID;C;44.14;-6.90;0.50;0.38;0.02;0.13;2.50
558.00;Heimerdinger;Mage;ADC;C;44.13;-6.91;0.50;0.37;0.02;0.13;2.50
559.00;Heimerdinger;Mage;SUPPORT;C;44.11;-6.93;0.50;0.37;0.02;0.13;2.51
560.00;Heimerdinger;Mage;TOP;D;44.10;-6.94;0.50;0.37;0.02;0.13;2.51
561.00;Illaoi;Fighter;TOP;C;44.09;-6.96;0.50;0.37;0.02;0.13;2.51
562.00;Irelia;Fighter;TOP;God;44.07;-6.97;0.50;0.37;0.02;0.13;2.51
563.00;Irelia;Fighter;MID;A;44.06;-6.99;0.50;0.37;0.02;0.13;2.51
564.00;Ivern;Support;JUNGLE;C;44.05;-7.00;0.50;0.37;0.02;0.13;2.51
565.00;Janna;Support;SUPPORT;A;44.03;-7.02;0.50;0.37;0.02;0.13;2.51
566.00;Jarvan IV;Tank;JUNGLE;A;44.02;-7.03;0.50;0.37;0.02;0.13;2.51
567.00;Jax;Fighter;TOP;God;44.01;-7.05;0.50;0.37;0.02;0.13;2.51
568.00;Jax;Fighter;JUNGLE;C;43.99;-7.06;0.50;0.37;0.02;0.13;2.51
569.00;Jayce;Fighter;TOP;S;43.98;-7.08;0.50;0.37;0.02;0.13;2.51
570.00;Jayce;Fighter;MID;B;43.97;-7.09;0.50;0.37;0.02;0.13;2.51
571.00;Jhin;Marksman;ADC;God;43.95;-7.11;0.50;0.37;0.02;0.13;2.51
572.00;Jinx;Marksman;ADC;God;43.94;-7.12;0.50;0.37;0.02;0.13;2.51
573.00;Kai'Sa;Marksman;ADC;God;43.93;-7.14;0.50;0.37;0.02;0.13;2.51
574.00;Kalista;Marksman;ADC;D;43.91;-7.15;0.50;0.36;0.02;0.13;2.51
575.00;Karma;Mage;SUPPORT;S;43.90;-7.17;0.50;0.36;0.02;0.13;2.51
576.00;Karthus;Mage;ADC;B;43.89;-7.18;0.50;0.36;0.02;0.13;2.51
577.00;Karthus;Mage;MID;B;43.87;-7.20;0.50;0.36;0.02;0.13;2.51
578.00;Karthus;Mage;JUNGLE;B;43.86;-7.21;0.50;0.36;0.02;0.13;2.51
579.00;Kassadin;Assassin;MID;A;43.85;-7.23;0.50;0.36;0.02;0.13;2.51
580.00;Katarina;Assassin;MID;S;43.83;-7.24;0.50;0.36;0.02;0.13;2.51
581.00;Kayle;Fighter;TOP;A;43.82;-7.26;0.50;0.36;0.02;0.13;2.51
582.00;Kayle;Fighter;MID;B;43.81;-7.27;0.50;0.36;0.02;0.13;2.51
583.00;Kayn;Fighter;JUNGLE;S;43.79;-7.29;0.50;0.36;0.02;0.13;2.51
584.00;Kennen;Mage;MID;B;43.78;-7.30;0.50;0.36;0.02;0.13;2.52
585.00;Kennen;Mage;TOP;C;43.77;-7.32;0.50;0.36;0.02;0.13;2.52
586.00;Kha'Zix;Assassin;JUNGLE;S;43.75;-7.33;0.50;0.36;0.02;0.13;2.52
587.00;Kindred;Marksman;JUNGLE;B;43.74;-7.35;0.50;0.36;0.02;0.13;2.52
588.00;Kled;Fighter;MID;A;43.73;-7.36;0.50;0.36;0.02;0.13;2.52
589.00;Kled;Fighter;TOP;B;43.71;-7.38;0.50;0.36;0.02;0.13;2.52
590.00;Kog'Maw;Marksman;ADC;B;43.70;-7.39;0.50;0.36;0.02;0.13;2.52
591.00;LeBlanc;Assassin;MID;A;43.69;-7.41;0.50;0.35;0.02;0.13;2.52
592.00;Lee Sin;Fighter;JUNGLE;God;43.68;-7.42;0.50;0.35;0.02;0.13;2.52
593.00;Leona;Tank;SUPPORT;S;43.66;-7.44;0.50;0.35;0.02;0.13;2.52
594.00;Lillia;Fighter;JUNGLE;B;43.65;-7.45;0.50;0.35;0.02;0.13;2.52
595.00;Lillia;;TOP;D;43.64;-7.47;0.50;0.35;0.02;0.13;2.52
596.00;Lissandra;Mage;MID;A;43.62;-7.48;0.50;0.35;0.02;0.13;2.52
597.00;Lucian;Marksman;ADC;A;43.61;-7.50;0.50;0.35;0.02;0.13;2.52
598.00;Lulu;Support;SUPPORT;God;43.60;-7.51;0.50;0.35;0.02;0.13;2.52
599.00;Lux;Mage;SUPPORT;God;43.58;-7.53;0.50;0.35;0.02;0.13;2.52
600.00;Lux;Mage;MID;S;43.57;-7.54;0.50;0.35;0.02;0.13;2.52
601.00;Malphite;Tank;TOP;S;43.56;-7.56;0.50;0.35;0.02;0.13;2.52
602.00;Malphite;Tank;MID;B;43.54;-7.57;0.50;0.35;0.02;0.13;2.52
603.00;Malphite;Tank;SUPPORT;D;43.53;-7.59;0.50;0.35;0.02;0.13;2.52
604.00;Malzahar;Mage;MID;A;43.52;-7.60;0.50;0.35;0.02;0.13;2.52
605.00;Maokai;Tank;SUPPORT;B;43.50;-7.62;0.50;0.35;0.02;0.13;2.52
606.00;Maokai;Tank;TOP;D;43.49;-7.63;0.50;0.35;0.02;0.13;2.52
607.00;Master Yi;Assassin;JUNGLE;S;43.48;-7.65;0.50;0.35;0.02;0.13;2.52
608.00;Miss Fortune;Marksman;ADC;A;43.46;-7.66;0.50;0.34;0.02;0.13;2.52
609.00;Mordekaiser;Fighter;TOP;S;43.45;-7.68;0.50;0.34;0.02;0.13;2.52
610.00;Morgana;Mage;SUPPORT;S;43.44;-7.69;0.50;0.34;0.02;0.13;2.53
611.00;Nami;Support;SUPPORT;S;43.42;-7.71;0.50;0.34;0.02;0.13;2.53
612.00;Nasus;Fighter;TOP;S;43.41;-7.72;0.50;0.34;0.02;0.13;2.53
613.00;Nautilus;Tank;SUPPORT;S;43.40;-7.74;0.50;0.34;0.02;0.13;2.53
614.00;Neeko;Mage;MID;C;43.38;-7.75;0.50;0.34;0.02;0.13;2.53
615.00;Neeko;Mage;SUPPORT;D;43.37;-7.77;0.50;0.34;0.02;0.13;2.53
616.00;Nidalee;Assassin;JUNGLE;A;43.36;-7.78;0.50;0.34;0.02;0.14;2.53
617.00;Nocturne;Assassin;JUNGLE;B;43.34;-7.80;0.50;0.34;0.02;0.14;2.53
618.00;Nunu;Tank;JUNGLE;A;43.33;-7.81;0.50;0.34;0.02;0.14;2.53
619.00;Olaf;Fighter;JUNGLE;C;43.32;-7.83;0.50;0.34;0.02;0.14;2.53
620.00;Olaf;Fighter;TOP;D;43.30;-7.84;0.50;0.34;0.02;0.14;2.53
621.00;Orianna;Mage;MID;A;43.29;-7.86;0.50;0.34;0.02;0.14;2.53
622.00;Ornn;Tank;TOP;A;43.28;-7.88;0.50;0.34;0.02;0.14;2.53
623.00;Pantheon;Fighter;MID;B;43.26;-7.89;0.50;0.34;0.02;0.14;2.53
624.00;Pantheon;Fighter;SUPPORT;D;43.25;-7.91;0.50;0.33;0.02;0.14;2.53
625.00;Pantheon;Fighter;TOP;D;43.24;-7.92;0.50;0.33;0.02;0.14;2.53
626.00;Poppy;Tank;JUNGLE;B;43.22;-7.94;0.50;0.33;0.02;0.14;2.53
627.00;Poppy;Tank;TOP;B;43.21;-7.95;0.50;0.33;0.02;0.14;2.53
628.00;Pyke;Support;SUPPORT;S;43.20;-7.97;0.50;0.33;0.02;0.14;2.53
629.00;Qiyana;Assassin;MID;A;43.18;-7.98;0.50;0.33;0.02;0.14;2.53
630.00;Qiyana;Assassin;JUNGLE;B;43.17;-8.00;0.50;0.33;0.02;0.14;2.53
631.00;Quinn;Marksman;TOP;C;43.16;-8.01;0.50;0.33;0.02;0.14;2.53
632.00;Rakan;Support;SUPPORT;A;43.14;-8.03;0.50;0.33;0.02;0.14;2.53
633.00;Rammus;Tank;JUNGLE;A;43.13;-8.04;0.50;0.33;0.02;0.14;2.53
634.00;Rek'Sai;Fighter;JUNGLE;A;43.12;-8.06;0.50;0.33;0.02;0.14;2.53
635.00;Rell;Tank;SUPPORT;B;43.10;-8.07;0.50;0.33;0.02;0.14;2.54
636.00;Renekton;Fighter;TOP;A;43.09;-8.09;0.50;0.33;0.02;0.14;2.54
637.00;Renekton;Fighter;MID;B;43.08;-8.10;0.50;0.33;0.02;0.14;2.54
638.00;Rengar;Assassin;JUNGLE;B;43.06;-8.12;0.50;0.33;0.02;0.14;2.54
639.00;Rengar;Assassin;TOP;D;43.05;-8.13;0.50;0.33;0.02;0.14;2.54
640.00;Riven;Fighter;TOP;S;43.04;-8.15;0.50;0.33;0.02;0.14;2.54
641.00;Rumble;Fighter;MID;B;43.02;-8.16;0.50;0.32;0.02;0.14;2.54
642.00;Rumble;Fighter;JUNGLE;C;43.01;-8.18;0.50;0.32;0.02;0.14;2.54
643.00;Rumble;Fighter;TOP;D;43.00;-8.19;0.50;0.32;0.02;0.14;2.54
644.00;Ryze;Mage;MID;C;42.98;-8.21;0.50;0.32;0.02;0.14;2.54
645.00;Ryze;Mage;TOP;D;42.97;-8.22;0.50;0.32;0.02;0.14;2.54
646.00;Samira;Marksman;ADC;B;42.96;-8.24;0.50;0.32;0.02;0.14;2.54
647.00;Sejuani;Tank;JUNGLE;B;42.94;-8.25;0.50;0.32;0.02;0.14;2.54
648.00;Sejuani;Tank;TOP;D;42.93;-8.27;0.50;0.32;0.02;0.14;2.54
649.00;Senna;Marksman;SUPPORT;B;42.92;-8.28;0.50;0.32;0.02;0.14;2.54
650.00;Senna;Marksman;ADC;C;42.90;-8.30;0.50;0.32;0.02;0.14;2.54
651.00;Seraphine;Mage;ADC;B;42.89;-8.31;0.50;0.32;0.02;0.14;2.54
652.00;Seraphine;Mage;MID;B;42.88;-8.33;0.50;0.32;0.02;0.14;2.54
653.00;Seraphine;Mage;SUPPORT;B;42.86;-8.34;0.50;0.32;0.02;0.14;2.54
654.00;Sett;Fighter;TOP;God;42.85;-8.36;0.50;0.32;0.01;0.14;2.54
655.00;Shaco;Assassin;JUNGLE;S;42.84;-8.37;0.50;0.32;0.01;0.14;2.54
656.00;Shaco;Assassin;SUPPORT;B;42.82;-8.39;0.50;0.32;0.01;0.14;2.54
657.00;Shen;Tank;TOP;God;42.81;-8.40;0.50;0.31;0.01;0.14;2.54
658.00;Shyvana;Fighter;JUNGLE;C;42.80;-8.42;0.50;0.31;0.01;0.14;2.54
659.00;Shyvana;Fighter;TOP;D;42.78;-8.43;0.50;0.31;0.01;0.14;2.54
660.00;Singed;Tank;TOP;B;42.77;-8.45;0.50;0.31;0.01;0.14;2.55
661.00;Sion;Tank;TOP;A;42.76;-8.46;0.50;0.31;0.01;0.14;2.55
662.00;Sivir;Marksman;ADC;B;42.74;-8.48;0.50;0.31;0.01;0.14;2.55
663.00;Skarner;Fighter;JUNGLE;C;42.73;-8.49;0.50;0.31;0.01;0.14;2.55
664.00;Skarner;Fighter;TOP;D;42.72;-8.51;0.50;0.31;0.01;0.14;2.55
665.00;Sona;Support;SUPPORT;A;42.70;-8.52;0.50;0.31;0.01;0.14;2.55
666.00;Soraka;Support;SUPPORT;S;42.69;-8.54;0.50;0.31;0.01;0.14;2.55
667.00;Swain;Mage;MID;B;42.68;-8.55;0.50;0.31;0.01;0.14;2.55
668.00;Swain;Mage;ADC;B;42.66;-8.57;0.50;0.31;0.01;0.14;2.55
669.00;Swain;Mage;SUPPORT;B;42.65;-8.58;0.50;0.31;0.01;0.14;2.55
670.00;Sylas;Mage;MID;A;42.64;-8.60;0.50;0.31;0.01;0.14;2.55
671.00;Sylas;Mage;TOP;C;42.62;-8.61;0.50;0.31;0.01;0.14;2.55
672.00;Syndra;Mage;MID;A;42.61;-8.63;0.50;0.31;0.01;0.14;2.55
673.00;Tahm Kench;Support;TOP;God;42.60;-8.64;0.50;0.31;0.01;0.14;2.55
674.00;Taliyah;Mage;SUPPORT;B;42.58;-8.66;0.50;0.30;0.01;0.14;2.55
675.00;Taliyah;Mage;MID;C;42.57;-8.67;0.50;0.30;0.01;0.14;2.55
676.00;Taliyah;Mage;JUNGLE;C;42.56;-8.69;0.50;0.30;0.01;0.14;2.55
677.00;Talon;Assassin;JUNGLE;S;42.54;-8.70;0.50;0.30;0.01;0.14;2.55
678.00;Talon;Assassin;MID;B;42.53;-8.72;0.50;0.30;0.01;0.14;2.55
679.00;Taric;Support;SUPPORT;B;42.52;-8.73;0.50;0.30;0.01;0.14;2.55
680.00;Teemo;Marksman;TOP;S;42.50;-8.75;0.50;0.30;0.01;0.14;2.55
681.00;Thresh;Support;SUPPORT;S;42.49;-8.76;0.50;0.30;0.01;0.14;2.55
682.00;Tristana;Marksman;ADC;B;42.48;-8.78;0.50;0.30;0.01;0.15;2.55
683.00;Tristana;Marksman;MID;C;42.46;-8.79;0.50;0.30;0.01;0.15;2.55
684.00;Trundle;Fighter;JUNGLE;A;42.45;-8.81;0.50;0.30;0.01;0.15;2.55
685.00;Trundle;Fighter;TOP;B;42.44;-8.82;0.50;0.30;0.01;0.15;2.55
686.00;Tryndamere;Fighter;TOP;God;42.42;-8.84;0.50;0.30;0.01;0.15;2.56
687.00;Tryndamere;Fighter;MID;C;42.41;-8.85;0.50;0.30;0.01;0.15;2.56
688.00;Twisted Fate;Mage;MID;A;42.40;-8.87;0.50;0.30;0.01;0.15;2.56
689.00;Twitch;Marksman;ADC;A;42.38;-8.88;0.50;0.30;0.01;0.15;2.56
690.00;Udyr;Fighter;JUNGLE;C;42.37;-8.90;0.50;0.29;0.01;0.15;2.56
691.00;Urgot;Fighter;TOP;S;42.36;-8.91;0.50;0.29;0.01;0.15;2.56
692.00;Varus;Marksman;ADC;D;42.34;-8.93;0.50;0.29;0.01;0.15;2.56
693.00;Vayne;Marksman;ADC;S;42.33;-8.94;0.50;0.29;0.01;0.15;2.56
694.00;Vayne;Marksman;TOP;B;42.32;-8.96;0.50;0.29;0.01;0.15;2.56
695.00;Veigar;Mage;MID;A;42.30;-8.97;0.50;0.29;0.01;0.15;2.56
696.00;Veigar;Mage;ADC;C;42.29;-8.99;0.50;0.29;0.01;0.15;2.56
697.00;Veigar;Mage;SUPPORT;D;42.28;-9.00;0.50;0.29;0.01;0.15;2.56
698.00;Vel'Koz;Mage;MID;B;42.26;-9.02;0.50;0.29;0.01;0.15;2.56
699.00;Vel'Koz;Mage;SUPPORT;B;42.25;-9.03;0.50;0.29;0.01;0.15;2.56
700.00;Vex;Mage;MID;God;42.24;-9.05;0.50;0.29;0.01;0.15;2.56
701.00;Vex;Mage;SUPPORT;D;42.23;-9.06;0.50;0.29;0.01;0.15;2.56
702.00;Vi;Fighter;JUNGLE;A;42.21;-9.08;0.50;0.29;0.01;0.15;2.56
703.00;Viego;Assassin;JUNGLE;God;42.20;-9.09;0.50;0.29;0.01;0.15;2.56
704.00;Viktor;Mage;MID;God;42.19;-9.11;0.50;0.29;0.01;0.15;2.56
705.00;Viktor;Mage;TOP;C;42.17;-9.12;0.50;0.29;0.01;0.15;2.56
706.00;Vladimir;Mage;MID;A;42.16;-9.14;0.50;0.29;0.01;0.15;2.56
707.00;Vladimir;Mage;TOP;C;42.15;-9.15;0.50;0.28;0.01;0.15;2.56
708.00;Volibear;Fighter;JUNGLE;B;42.13;-9.17;0.50;0.28;0.01;0.15;2.56
709.00;Volibear;Fighter;TOP;D;42.12;-9.18;0.50;0.28;0.01;0.15;2.56
710.00;Warwick;Fighter;JUNGLE;A;42.11;-9.20;0.50;0.28;0.01;0.15;2.56
711.00;Warwick;Fighter;TOP;D;42.09;-9.21;0.50;0.28;0.01;0.15;2.57
712.00;Wukong;Fighter;TOP;B;42.08;-9.23;0.50;0.28;0.01;0.15;2.57
713.00;Wukong;Fighter;JUNGLE;C;42.07;-9.25;0.50;0.28;0.01;0.15;2.57
714.00;Xayah;Marksman;ADC;B;42.05;-9.26;0.50;0.28;0.01;0.15;2.57
715.00;Xerath;Mage;MID;A;42.04;-9.28;0.50;0.28;0.01;0.15;2.57
716.00;Xerath;Mage;SUPPORT;A;42.03;-9.29;0.50;0.28;0.01;0.15;2.57
717.00;Xin Zhao;Fighter;JUNGLE;A;42.01;-9.31;0.50;0.28;0.01;0.15;2.57
718.00;Yasuo;Fighter;MID;God;42.00;-9.32;0.50;0.28;0.01;0.15;2.57
719.00;Yasuo;Fighter;TOP;B;41.99;-9.34;0.50;0.28;0.01;0.15;2.57
720.00;Yasuo;Fighter;ADC;C;41.97;-9.35;0.50;0.28;0.01;0.15;2.57
721.00;Yone;Assassin;MID;S;41.96;-9.37;0.50;0.28;0.01;0.15;2.57
722.00;Yone;Assassin;TOP;S;41.95;-9.38;0.50;0.28;0.01;0.15;2.57
723.00;Yorick;Fighter;TOP;B;41.93;-9.40;0.50;0.27;0.01;0.15;2.57
724.00;Yuumi;Support;SUPPORT;God;41.92;-9.41;0.50;0.27;0.01;0.15;2.57
725.00;Zac;Tank;JUNGLE;A;41.91;-9.43;0.50;0.27;0.01;0.15;2.57
726.00;Zed;Assassin;MID;God;41.89;-9.44;0.50;0.27;0.01;0.15;2.57
727.00;Zed;Assassin;JUNGLE;A;41.88;-9.46;0.50;0.27;0.01;0.15;2.57
728.00;Ziggs;Mage;ADC;B;41.87;-9.47;0.50;0.27;0.01;0.15;2.57
729.00;Ziggs;Mage;MID;C;41.85;-9.49;0.50;0.27;0.01;0.15;2.57
730.00;Zilean;Support;MID;A;41.84;-9.50;0.50;0.27;0.01;0.15;2.57
731.00;Zilean;Support;SUPPORT;A;41.83;-9.52;0.50;0.27;0.01;0.15;2.57
732.00;Zoe;Mage;MID;A;41.81;-9.53;0.50;0.27;0.01;0.15;2.57
733.00;Zyra;Mage;SUPPORT;A;41.80;-9.55;0.50;0.27;0.01;0.15;2.57
734.00;Aatrox;Fighter;TOP;A;41.79;-9.56;0.50;0.27;0.01;0.15;2.57
735.00;Ahri;Mage;MID;A;41.77;-9.58;0.50;0.27;0.01;0.15;2.57
736.00;Akali;Assassin;MID;S;41.76;-9.59;0.50;0.27;0.01;0.15;2.57
737.00;Akali;Assassin;TOP;A;41.75;-9.61;0.50;0.27;0.01;0.15;2.58
738.00;Akshan;Marksman;MID;S;41.73;-9.62;0.50;0.27;0.01;0.15;2.58
739.00;Akshan;Marksman;TOP;A;41.72;-9.64;0.50;0.27;0.01;0.15;2.58
740.00;Alistar;Tank;SUPPORT;B;41.71;-9.65;0.50;0.26;0.01;0.15;2.58
741.00;Amumu;Tank;JUNGLE;B;41.69;-9.67;0.50;0.26;0.01;0.15;2.58
742.00;Amumu;Tank;SUPPORT;C;41.68;-9.68;0.50;0.26;0.01;0.15;2.58
743.00;Anivia;Mage;MID;A;41.67;-9.70;0.50;0.26;0.01;0.15;2.58
744.00;Anivia;Mage;SUPPORT;D;41.65;-9.71;0.50;0.26;0.01;0.15;2.58
745.00;Annie;Mage;MID;A;41.64;-9.73;0.50;0.26;0.01;0.15;2.58
746.00;Aphelios;Marksman;ADC;C;41.63;-9.74;0.50;0.26;0.01;0.15;2.58
747.00;Ashe;Marksman;ADC;B;41.61;-9.76;0.50;0.26;0.01;0.16;2.58
748.00;Aurelion Sol;Mage;MID;B;41.60;-9.77;0.50;0.26;0.01;0.16;2.58
749.00;Azir;Mage;MID;D;41.59;-9.79;0.50;0.26;0.01;0.16;2.58
750.00;Bard;Support;SUPPORT;A;41.57;-9.80;0.50;0.26;0.01;0.16;2.58
751.00;Blitzcrank;Tank;SUPPORT;S;41.56;-9.82;0.50;0.26;0.01;0.16;2.58
752.00;Brand;Mage;SUPPORT;B;41.55;-9.83;0.50;0.26;0.01;0.16;2.58
753.00;Brand;Mage;MID;B;41.53;-9.85;0.50;0.26;0.01;0.16;2.58
754.00;Braum;Support;SUPPORT;A;41.52;-9.86;0.50;0.26;0.01;0.16;2.58
755.00;Caitlyn;Marksman;ADC;God;41.51;-9.88;0.50;0.26;0.01;0.16;2.58
756.00;Camille;Fighter;TOP;God;41.49;-9.89;0.50;0.25;0.01;0.16;2.58
757.00;Cassiopeia;Mage;MID;B;41.48;-9.91;0.50;0.25;0.01;0.16;2.58
758.00;Cassiopeia;Mage;TOP;D;41.47;-9.92;0.50;0.25;0.01;0.16;2.58
759.00;Cho'Gath;Tank;TOP;A;41.45;-9.94;0.50;0.25;0.01;0.16;2.58
760.00;Cho'Gath;Tank;MID;C;41.44;-9.95;0.50;0.25;0.01;0.16;2.58
761.00;Corki;Marksman;MID;A;41.43;-9.97;0.50;0.25;0.01;0.16;2.58
762.00;Darius;Fighter;TOP;God;41.41;-9.98;0.50;0.25;0.01;0.16;2.59
763.00;Diana;Fighter;JUNGLE;God;41.40;-10.00;0.50;0.25;0.01;0.16;2.59
764.00;Diana;Fighter;MID;A;41.39;-10.01;0.50;0.25;0.01;0.16;2.59
765.00;Dr. Mundo;Marksman;TOP;S;41.37;-10.03;0.50;0.25;0.01;0.16;2.59
766.00;Draven;Fighter;ADC;B;41.36;-10.04;0.50;0.25;0.01;0.16;2.59
767.00;Ekko;Assassin;JUNGLE;A;41.35;-10.06;0.50;0.25;0.01;0.16;2.59
768.00;Ekko;Assassin;MID;A;41.33;-10.07;0.50;0.25;0.01;0.16;2.59
769.00;Elise;Mage;JUNGLE;B;41.32;-10.09;0.50;0.25;0.01;0.16;2.59
770.00;Evelynn;Assassin;JUNGLE;A;41.31;-10.10;0.50;0.25;0.01;0.16;2.59
771.00;Ezreal;Marksman;ADC;God;41.29;-10.12;0.50;0.25;0.01;0.16;2.59
772.00;Fiddlesticks;Mage;JUNGLE;B;41.28;-10.13;0.50;0.25;0.01;0.16;2.59
773.00;Fiora;Fighter;TOP;S;41.27;-10.15;0.50;0.24;0.01;0.16;2.59
774.00;Fizz;Assassin;MID;A;41.25;-10.16;0.50;0.24;0.01;0.16;2.59
775.00;Galio;Tank;MID;A;41.24;-10.18;0.50;0.24;0.01;0.16;2.59
776.00;Galio;Tank;SUPPORT;C;41.23;-10.19;0.50;0.24;0.01;0.16;2.59
777.00;Gangplank;Fighter;TOP;S;41.21;-10.21;0.50;0.24;0.01;0.16;2.59
778.00;Gangplank;Fighter;MID;C;41.20;-10.22;0.50;0.24;0.01;0.16;2.59
779.00;Garen;Fighter;TOP;S;41.19;-10.24;0.50;0.24;0.01;0.16;2.59
780.00;Gnar;Fighter;TOP;A;41.17;-10.25;0.50;0.24;0.01;0.16;2.59
781.00;Gragas;Fighter;TOP;C;41.16;-10.27;0.50;0.24;0.01;0.16;2.59
782.00;Gragas;Fighter;JUNGLE;C;41.15;-10.28;0.50;0.24;0.01;0.16;2.59
783.00;Gragas;Fighter;SUPPORT;D;41.13;-10.30;0.50;0.24;0.01;0.16;2.59
784.00;Graves;Marksman;JUNGLE;S;41.12;-10.31;0.50;0.24;0.01;0.16;2.59
785.00;Graves;Marksman;TOP;B;41.11;-10.33;0.50;0.24;0.01;0.16;2.59
786.00;Gwen;Fighter;TOP;A;41.09;-10.34;0.50;0.24;0.01;0.16;2.59
787.00;Gwen;Fighter;JUNGLE;C;41.08;-10.36;0.50;0.24;0.01;0.16;2.59
788.00;Hecarim;Fighter;JUNGLE;S;41.07;-10.37;0.50;0.24;0.01;0.16;2.60
789.00;Heimerdinger;Mage;MID;C;41.05;-10.39;0.50;0.24;0.01;0.16;2.60
790.00;Heimerdinger;Mage;ADC;C;41.04;-10.40;0.50;0.23;0.01;0.16;2.60
791.00;Heimerdinger;Mage;SUPPORT;C;41.03;-10.42;0.50;0.23;0.01;0.16;2.60
792.00;Heimerdinger;Mage;TOP;D;41.01;-10.43;0.50;0.23;0.01;0.16;2.60
793.00;Illaoi;Fighter;TOP;C;41.00;-10.45;0.50;0.23;0.01;0.16;2.60
794.00;Irelia;Fighter;TOP;God;40.99;-10.46;0.50;0.23;0.01;0.16;2.60
795.00;Irelia;Fighter;MID;A;40.97;-10.48;0.50;0.23;0.01;0.16;2.60
796.00;Ivern;Support;JUNGLE;C;40.96;-10.49;0.50;0.23;0.01;0.16;2.60
797.00;Janna;Support;SUPPORT;A;40.95;-10.51;0.50;0.23;0.01;0.16;2.60
798.00;Jarvan IV;Tank;JUNGLE;A;40.93;-10.52;0.50;0.23;0.01;0.16;2.60
799.00;Jax;Fighter;TOP;God;40.92;-10.54;0.50;0.23;0.01;0.16;2.60
800.00;Jax;Fighter;JUNGLE;C;40.91;-10.55;0.50;0.23;0.01;0.16;2.60
801.00;Jayce;Fighter;TOP;S;40.89;-10.57;0.50;0.23;0.01;0.16;2.60
802.00;Jayce;Fighter;MID;B;40.88;-10.58;0.50;0.23;0.01;0.16;2.60
803.00;Jhin;Marksman;ADC;God;40.87;-10.60;0.50;0.23;0.01;0.16;2.60
804.00;Jinx;Marksman;ADC;God;40.85;-10.62;0.50;0.23;0.01;0.16;2.60
805.00;Kai'Sa;Marksman;ADC;God;40.84;-10.63;0.50;0.23;0.01;0.16;2.60
806.00;Kalista;Marksman;ADC;D;40.83;-10.65;0.50;0.22;0.01;0.16;2.60
807.00;Karma;Mage;SUPPORT;S;40.82;-10.66;0.50;0.22;0.01;0.16;2.60
808.00;Karthus;Mage;ADC;B;40.80;-10.68;0.50;0.22;0.01;0.16;2.60
809.00;Karthus;Mage;MID;B;40.79;-10.69;0.50;0.22;0.01;0.16;2.60
810.00;Karthus;Mage;JUNGLE;B;40.78;-10.71;0.50;0.22;0.01;0.16;2.60
811.00;Kassadin;Assassin;MID;A;40.76;-10.72;0.50;0.22;0.01;0.16;2.60
812.00;Katarina;Assassin;MID;S;40.75;-10.74;0.50;0.22;0.01;0.16;2.60
813.00;Kayle;Fighter;TOP;A;40.74;-10.75;0.50;0.22;0.01;0.17;2.61
814.00;Kayle;Fighter;MID;B;40.72;-10.77;0.50;0.22;0.01;0.17;2.61
815.00;Kayn;Fighter;JUNGLE;S;40.71;-10.78;0.50;0.22;0.01;0.17;2.61
816.00;Kennen;Mage;MID;B;40.70;-10.80;0.50;0.22;0.01;0.17;2.61
817.00;Kennen;Mage;TOP;C;40.68;-10.81;0.50;0.22;0.01;0.17;2.61
818.00;Kha'Zix;Assassin;JUNGLE;S;40.67;-10.83;0.50;0.22;0.01;0.17;2.61
819.00;Kindred;Marksman;JUNGLE;B;40.66;-10.84;0.50;0.22;0.01;0.17;2.61
820.00;Kled;Fighter;MID;A;40.64;-10.86;0.50;0.22;0.01;0.17;2.61
821.00;Kled;Fighter;TOP;B;40.63;-10.87;0.50;0.22;0.01;0.17;2.61
822.00;Kog'Maw;Marksman;ADC;B;40.62;-10.89;0.50;0.22;0.01;0.17;2.61
823.00;LeBlanc;Assassin;MID;A;40.60;-10.90;0.50;0.21;0.01;0.17;2.61
824.00;Lee Sin;Fighter;JUNGLE;God;40.59;-10.92;0.50;0.21;0.01;0.17;2.61
825.00;Leona;Tank;SUPPORT;S;40.58;-10.93;0.50;0.21;0.01;0.17;2.61
826.00;Lillia;Fighter;JUNGLE;B;40.56;-10.95;0.50;0.21;0.01;0.17;2.61
827.00;Lillia;;TOP;D;40.55;-10.96;0.50;0.21;0.01;0.17;2.61
828.00;Lissandra;Mage;MID;A;40.54;-10.98;0.50;0.21;0.01;0.17;2.61
829.00;Lucian;Marksman;ADC;A;40.52;-10.99;0.50;0.21;0.01;0.17;2.61
830.00;Lulu;Support;SUPPORT;God;40.51;-11.01;0.50;0.21;0.01;0.17;2.61
831.00;Lux;Mage;SUPPORT;God;40.50;-11.02;0.50;0.21;0.01;0.17;2.61
832.00;Lux;Mage;MID;S;40.48;-11.04;0.50;0.21;0.01;0.17;2.61
833.00;Malphite;Tank;TOP;S;40.47;-11.05;0.50;0.21;0.01;0.17;2.61
834.00;Malphite;Tank;MID;B;40.46;-11.07;0.50;0.21;0.01;0.17;2.61
835.00;Malphite;Tank;SUPPORT;D;40.44;-11.08;0.50;0.21;0.01;0.17;2.61
836.00;Malzahar;Mage;MID;A;40.43;-11.10;0.50;0.21;0.01;0.17;2.61
837.00;Maokai;Tank;SUPPORT;B;40.42;-11.11;0.50;0.21;0.01;0.17;2.61
838.00;Maokai;Tank;TOP;D;40.40;-11.13;0.50;0.21;0.01;0.17;2.61
839.00;Master Yi;Assassin;JUNGLE;S;40.39;-11.14;0.50;0.20;0.01;0.17;2.62
840.00;Miss Fortune;Marksman;ADC;A;40.38;-11.16;0.50;0.20;0.01;0.17;2.62
841.00;Mordekaiser;Fighter;TOP;S;40.36;-11.17;0.50;0.20;0.01;0.17;2.62
842.00;Morgana;Mage;SUPPORT;S;40.35;-11.19;0.50;0.20;0.01;0.17;2.62
843.00;Nami;Support;SUPPORT;S;40.34;-11.20;0.50;0.20;0.01;0.17;2.62
844.00;Nasus;Fighter;TOP;S;40.32;-11.22;0.50;0.20;0.01;0.17;2.62
845.00;Nautilus;Tank;SUPPORT;S;40.31;-11.23;0.50;0.20;0.01;0.17;2.62
846.00;Neeko;Mage;MID;C;40.30;-11.25;0.50;0.20;0.01;0.17;2.62
847.00;Neeko;Mage;SUPPORT;D;40.28;-11.26;0.50;0.20;0.01;0.17;2.62
848.00;Nidalee;Assassin;JUNGLE;A;40.27;-11.28;0.50;0.20;0.01;0.17;2.62
849.00;Nocturne;Assassin;JUNGLE;B;40.26;-11.29;0.50;0.20;0.01;0.17;2.62
850.00;Nunu;Tank;JUNGLE;A;40.24;-11.31;0.50;0.20;0.01;0.17;2.62
851.00;Olaf;Fighter;JUNGLE;C;40.23;-11.32;0.50;0.20;0.01;0.17;2.62
852.00;Olaf;Fighter;TOP;D;40.22;-11.34;0.50;0.20;0.01;0.17;2.62
853.00;Orianna;Mage;MID;A;40.20;-11.35;0.50;0.20;0.01;0.17;2.62
854.00;Ornn;Tank;TOP;A;40.19;-11.37;0.50;0.20;0.00;0.17;2.62
855.00;Pantheon;Fighter;MID;B;40.18;-11.38;0.50;0.20;0.00;0.17;2.62
856.00;Pantheon;Fighter;SUPPORT;D;40.16;-11.40;0.50;0.19;0.00;0.17;2.62
857.00;Pantheon;Fighter;TOP;D;40.15;-11.41;0.50;0.19;0.00;0.17;2.62
858.00;Poppy;Tank;JUNGLE;B;40.14;-11.43;0.50;0.19;0.00;0.17;2.62
859.00;Poppy;Tank;TOP;B;40.12;-11.44;0.50;0.19;0.00;0.17;2.62
860.00;Pyke;Support;SUPPORT;S;40.11;-11.46;0.50;0.19;0.00;0.17;2.62
861.00;Qiyana;Assassin;MID;A;40.10;-11.47;0.50;0.19;0.00;0.17;2.62
862.00;Qiyana;Assassin;JUNGLE;B;40.08;-11.49;0.50;0.19;0.00;0.17;2.62
863.00;Quinn;Marksman;TOP;C;40.07;-11.50;0.50;0.19;0.00;0.17;2.62
864.00;Rakan;Support;SUPPORT;A;40.06;-11.52;0.50;0.19;0.00;0.17;2.63
865.00;Rammus;Tank;JUNGLE;A;40.04;-11.53;0.50;0.19;0.00;0.17;2.63
866.00;Rek'Sai;Fighter;JUNGLE;A;40.03;-11.55;0.50;0.19;0.00;0.17;2.63
867.00;Rell;Tank;SUPPORT;B;40.02;-11.56;0.50;0.19;0.00;0.17;2.63
868.00;Renekton;Fighter;TOP;A;40.00;-11.58;0.50;0.19;0.00;0.17;2.63
869.00;Renekton;Fighter;MID;B;39.99;-11.59;0.50;0.19;0.00;0.17;2.63
870.00;Rengar;Assassin;JUNGLE;B;39.98;-11.61;0.50;0.19;0.00;0.17;2.63
871.00;Rengar;Assassin;TOP;D;39.96;-11.62;0.50;0.19;0.00;0.17;2.63
872.00;Riven;Fighter;TOP;S;39.95;-11.64;0.50;0.18;0.00;0.17;2.63
873.00;Rumble;Fighter;MID;B;39.94;-11.65;0.50;0.18;0.00;0.17;2.63
874.00;Rumble;Fighter;JUNGLE;C;39.92;-11.67;0.50;0.18;0.00;0.17;2.63
875.00;Rumble;Fighter;TOP;D;39.91;-11.68;0.50;0.18;0.00;0.17;2.63
876.00;Ryze;Mage;MID;C;39.90;-11.70;0.50;0.18;0.00;0.17;2.63
877.00;Ryze;Mage;TOP;D;39.88;-11.71;0.50;0.18;0.00;0.17;2.63
878.00;Samira;Marksman;ADC;B;39.87;-11.73;0.50;0.18;0.00;0.18;2.63
879.00;Sejuani;Tank;JUNGLE;B;39.86;-11.74;0.50;0.18;0.00;0.18;2.63
880.00;Sejuani;Tank;TOP;D;39.84;-11.76;0.50;0.18;0.00;0.18;2.63
881.00;Senna;Marksman;SUPPORT;B;39.83;-11.77;0.50;0.18;0.00;0.18;2.63
882.00;Senna;Marksman;ADC;C;39.82;-11.79;0.50;0.18;0.00;0.18;2.63
883.00;Seraphine;Mage;ADC;B;39.80;-11.80;0.50;0.18;0.00;0.18;2.63
884.00;Seraphine;Mage;MID;B;39.79;-11.82;0.50;0.18;0.00;0.18;2.63
885.00;Seraphine;Mage;SUPPORT;B;39.78;-11.83;0.50;0.18;0.00;0.18;2.63
886.00;Sett;Fighter;TOP;God;39.76;-11.85;0.50;0.18;0.00;0.18;2.63
887.00;Shaco;Assassin;JUNGLE;S;39.75;-11.86;0.50;0.18;0.00;0.18;2.63
888.00;Shaco;Assassin;SUPPORT;B;39.74;-11.88;0.50;0.18;0.00;0.18;2.63
889.00;Shen;Tank;TOP;God;39.72;-11.89;0.50;0.17;0.00;0.18;2.64
890.00;Shyvana;Fighter;JUNGLE;C;39.71;-11.91;0.50;0.17;0.00;0.18;2.64
891.00;Shyvana;Fighter;TOP;D;39.70;-11.92;0.50;0.17;0.00;0.18;2.64
892.00;Singed;Tank;TOP;B;39.68;-11.94;0.50;0.17;0.00;0.18;2.64
893.00;Sion;Tank;TOP;A;39.67;-11.96;0.50;0.17;0.00;0.18;2.64
894.00;Sivir;Marksman;ADC;B;39.66;-11.97;0.50;0.17;0.00;0.18;2.64
895.00;Skarner;Fighter;JUNGLE;C;39.64;-11.99;0.50;0.17;0.00;0.18;2.64
896.00;Skarner;Fighter;TOP;D;39.63;-12.00;0.50;0.17;0.00;0.18;2.64
897.00;Sona;Support;SUPPORT;A;39.62;-12.02;0.50;0.17;0.00;0.18;2.64
898.00;Soraka;Support;SUPPORT;S;39.60;-12.03;0.50;0.17;0.00;0.18;2.64
899.00;Swain;Mage;MID;B;39.59;-12.05;0.50;0.17;0.00;0.18;2.64
900.00;Swain;Mage;ADC;B;39.58;-12.06;0.50;0.17;0.00;0.18;2.64
901.00;Swain;Mage;SUPPORT;B;39.56;-12.08;0.50;0.17;0.00;0.18;2.64
902.00;Sylas;Mage;MID;A;39.55;-12.09;0.50;0.17;0.00;0.18;2.64
903.00;Sylas;Mage;TOP;C;39.54;-12.11;0.50;0.17;0.00;0.18;2.64
904.00;Syndra;Mage;MID;A;39.52;-12.12;0.50;0.17;0.00;0.18;2.64
905.00;Tahm Kench;Support;TOP;God;39.51;-12.14;0.50;0.16;0.00;0.18;2.64
906.00;Taliyah;Mage;SUPPORT;B;39.50;-12.15;0.50;0.16;0.00;0.18;2.64
907.00;Taliyah;Mage;MID;C;39.48;-12.17;0.50;0.16;0.00;0.18;2.64
908.00;Taliyah;Mage;JUNGLE;C;39.47;-12.18;0.50;0.16;0.00;0.18;2.64
909.00;Talon;Assassin;JUNGLE;S;39.46;-12.20;0.50;0.16;0.00;0.18;2.64
910.00;Talon;Assassin;MID;B;39.44;-12.21;0.50;0.16;0.00;0.18;2.64
911.00;Taric;Support;SUPPORT;B;39.43;-12.23;0.50;0.16;0.00;0.18;2.64
912.00;Teemo;Marksman;TOP;S;39.42;-12.24;0.50;0.16;0.00;0.18;2.64
913.00;Thresh;Support;SUPPORT;S;39.41;-12.26;0.50;0.16;0.00;0.18;2.64
914.00;Tristana;Marksman;ADC;B;39.39;-12.27;0.50;0.16;0.00;0.18;2.64
915.00;Tristana;Marksman;MID;C;39.38;-12.29;0.50;0.16;0.00;0.18;2.65
916.00;Trundle;Fighter;JUNGLE;A;39.37;-12.30;0.50;0.16;0.00;0.18;2.65
917.00;Trundle;Fighter;TOP;B;39.35;-12.32;0.50;0.16;0.00;0.18;2.65
918.00;Tryndamere;Fighter;TOP;God;39.34;-12.33;0.50;0.16;0.00;0.18;2.65
919.00;Tryndamere;Fighter;MID;C;39.33;-12.35;0.50;0.16;0.00;0.18;2.65
920.00;Twisted Fate;Mage;MID;A;39.31;-12.36;0.50;0.16;0.00;0.18;2.65
921.00;Twitch;Marksman;ADC;A;39.30;-12.38;0.50;0.16;0.00;0.18;2.65
922.00;Udyr;Fighter;JUNGLE;C;39.29;-12.39;0.50;0.15;0.00;0.18;2.65
923.00;Urgot;Fighter;TOP;S;39.27;-12.41;0.50;0.15;0.00;0.18;2.65
924.00;Varus;Marksman;ADC;D;39.26;-12.42;0.50;0.15;0.00;0.18;2.65
925.00;Vayne;Marksman;ADC;S;39.25;-12.44;0.50;0.15;0.00;0.18;2.65
926.00;Vayne;Marksman;TOP;B;39.23;-12.45;0.50;0.15;0.00;0.18;2.65
927.00;Veigar;Mage;MID;A;39.22;-12.47;0.50;0.15;0.00;0.18;2.65
928.00;Veigar;Mage;ADC;C;39.21;-12.48;0.50;0.15;0.00;0.18;2.65
929.00;Veigar;Mage;SUPPORT;D;39.19;-12.50;0.50;0.15;0.00;0.18;2.65
930.00;Vel'Koz;Mage;MID;B;39.18;-12.51;0.50;0.15;0.00;0.18;2.65
931.00;Vel'Koz;Mage;SUPPORT;B;39.17;-12.53;0.50;0.15;0.00;0.18;2.65
932.00;Vex;Mage;MID;God;39.15;-12.54;0.50;0.15;0.00;0.18;2.65
933.00;Vex;Mage;SUPPORT;D;39.14;-12.56;0.50;0.15;0.00;0.18;2.65
934.00;Vi;Fighter;JUNGLE;A;39.13;-12.57;0.50;0.15;0.00;0.18;2.65
935.00;Viego;Assassin;JUNGLE;God;39.11;-12.59;0.50;0.15;0.00;0.18;2.65
936.00;Viktor;Mage;MID;God;39.10;-12.60;0.50;0.15;0.00;0.18;2.65
937.00;Viktor;Mage;TOP;C;39.09;-12.62;0.50;0.15;0.00;0.18;2.65
938.00;Vladimir;Mage;MID;A;39.07;-12.63;0.50;0.15;0.00;0.18;2.65
939.00;Vladimir;Mage;TOP;C;39.06;-12.65;0.50;0.14;0.00;0.18;2.65
940.00;Volibear;Fighter;JUNGLE;B;39.05;-12.66;0.50;0.14;0.00;0.18;2.66
941.00;Volibear;Fighter;TOP;D;39.03;-12.68;0.50;0.14;0.00;0.18;2.66
942.00;Warwick;Fighter;JUNGLE;A;39.02;-12.69;0.50;0.14;0.00;0.18;2.66
943.00;Warwick;Fighter;TOP;D;39.01;-12.71;0.50;0.14;0.00;0.18;2.66
944.00;Wukong;Fighter;TOP;B;38.99;-12.72;0.50;0.14;0.00;0.19;2.66
945.00;Wukong;Fighter;JUNGLE;C;38.98;-12.74;0.50;0.14;0.00;0.19;2.66
946.00;Xayah;Marksman;ADC;B;38.97;-12.75;0.50;0.14;0.00;0.19;2.66
947.00;Xerath;Mage;MID;A;38.95;-12.77;0.50;0.14;0.00;0.19;2.66
948.00;Xerath;Mage;SUPPORT;A;38.94;-12.78;0.50;0.14;0.00;0.19;2.66
949.00;Xin Zhao;Fighter;JUNGLE;A;38.93;-12.80;0.50;0.14;0.00;0.19;2.66
950.00;Yasuo;Fighter;MID;God;38.91;-12.81;0.50;0.14;0.00;0.19;2.66
951.00;Yasuo;Fighter;TOP;B;38.90;-12.83;0.50;0.14;0.00;0.19;2.66
952.00;Yasuo;Fighter;ADC;C;38.89;-12.84;0.50;0.14;0.00;0.19;2.66
953.00;Yone;Assassin;MID;S;38.87;-12.86;0.50;0.14;0.00;0.19;2.66
954.00;Yone;Assassin;TOP;S;38.86;-12.87;0.50;0.14;0.00;0.19;2.66
955.00;Yorick;Fighter;TOP;B;38.85;-12.89;0.50;0.13;0.00;0.19;2.66
956.00;Yuumi;Support;SUPPORT;God;38.83;-12.90;0.50;0.13;0.00;0.19;2.66
957.00;Zac;Tank;JUNGLE;A;38.82;-12.92;0.50;0.13;0.00;0.19;2.66
958.00;Zed;Assassin;MID;God;38.81;-12.93;0.50;0.13;0.00;0.19;2.66
959.00;Zed;Assassin;JUNGLE;A;38.79;-12.95;0.50;0.13;0.00;0.19;2.66
960.00;Ziggs;Mage;ADC;B;38.78;-12.96;0.50;0.13;0.00;0.19;2.66
961.00;Ziggs;Mage;MID;C;38.77;-12.98;0.50;0.13;0.00;0.19;2.66
962.00;Zilean;Support;MID;A;38.75;-12.99;0.50;0.13;0.00;0.19;2.66
963.00;Zilean;Support;SUPPORT;A;38.74;-13.01;0.50;0.13;0.00;0.19;2.66
964.00;Zoe;Mage;MID;A;38.73;-13.02;0.50;0.13;0.00;0.19;2.66
965.00;Zyra;Mage;SUPPORT;A;38.71;-13.04;0.50;0.13;0.00;0.19;2.66
966.00;Aatrox;Fighter;TOP;A;38.70;-13.05;0.50;0.13;0.00;0.19;2.67
967.00;Ahri;Mage;MID;A;38.69;-13.07;0.50;0.13;0.00;0.19;2.67
968.00;Akali;Assassin;MID;S;38.67;-13.08;0.50;0.13;0.00;0.19;2.67
969.00;Akali;Assassin;TOP;A;38.66;-13.10;0.50;0.13;0.00;0.19;2.67
970.00;Akshan;Marksman;MID;S;38.65;-13.11;0.50;0.13;0.00;0.19;2.67
971.00;Akshan;Marksman;TOP;A;38.63;-13.13;0.50;0.13;0.00;0.19;2.67
972.00;Alistar;Tank;SUPPORT;B;38.62;-13.14;0.50;0.12;0.00;0.19;2.67
973.00;Amumu;Tank;JUNGLE;B;38.61;-13.16;0.50;0.12;0.00;0.19;2.67
974.00;Amumu;Tank;SUPPORT;C;38.59;-13.17;0.50;0.12;0.00;0.19;2.67
975.00;Anivia;Mage;MID;A;38.58;-13.19;0.50;0.12;0.00;0.19;2.67
976.00;Anivia;Mage;SUPPORT;D;38.57;-13.20;0.50;0.12;0.00;0.19;2.67
977.00;Annie;Mage;MID;A;38.55;-13.22;0.50;0.12;0.00;0.19;2.67
978.00;Aphelios;Marksman;ADC;C;38.54;-13.23;0.50;0.12;0.00;0.19;2.67
979.00;Ashe;Marksman;ADC;B;38.53;-13.25;0.50;0.12;0.00;0.19;2.67
980.00;Aurelion Sol;Mage;MID;B;38.51;-13.26;0.50;0.12;0.00;0.19;2.67
981.00;Azir;Mage;MID;D;38.50;-13.28;0.50;0.12;0.00;0.19;2.67
982.00;Bard;Support;SUPPORT;A;38.49;-13.29;0.50;0.12;0.00;0.19;2.67
983.00;Blitzcrank;Tank;SUPPORT;S;38.47;-13.31;0.50;0.12;0.00;0.19;2.67
984.00;Brand;Mage;SUPPORT;B;38.46;-13.33;0.50;0.12;0.00;0.19;2.67
985.00;Brand;Mage;MID;B;38.45;-13.34;0.50;0.12;0.00;0.19;2.67
986.00;Braum;Support;SUPPORT;A;38.43;-13.36;0.50;0.12;0.00;0.19;2.67
987.00;Caitlyn;Marksman;ADC;God;38.42;-13.37;0.50;0.12;0.00;0.19;2.67
988.00;Camille;Fighter;TOP;God;38.41;-13.39;0.50;0.11;0.00;0.19;2.67
989.00;Cassiopeia;Mage;MID;B;38.39;-13.40;0.50;0.11;0.00;0.19;2.67
990.00;Cassiopeia;Mage;TOP;D;38.38;-13.42;0.50;0.11;0.00;0.19;2.67
991.00;Cho'Gath;Tank;TOP;A;38.37;-13.43;0.50;0.11;0.00;0.19;2.68
992.00;Cho'Gath;Tank;MID;C;38.35;-13.45;0.50;0.11;0.00;0.19;2.68
993.00;Corki;Marksman;MID;A;38.34;-13.46;0.50;0.11;0.00;0.19;2.68
994.00;Darius;Fighter;TOP;God;38.33;-13.48;0.50;0.11;0.00;0.19;2.68
995.00;Diana;Fighter;JUNGLE;God;38.31;-13.49;0.50;0.11;0.00;0.19;2.68
996.00;Diana;Fighter;MID;A;38.30;-13.51;0.50;0.11;0.00;0.19;2.68
997.00;Dr. Mundo;Marksman;TOP;S;38.29;-13.52;0.50;0.11;0.00;0.19;2.68
998.00;Draven;Fighter;ADC;B;38.27;-13.54;0.50;0.11;0.00;0.19;2.68
999.00;Ekko;Assassin;JUNGLE;A;38.26;-13.55;0.50;0.11;0.00;0.19;2.68
